"PT","AU","BE","TI","X1","Y1","Z1","SO","LA","DT","DE","X5","Y5","Z5","AB","X4","Y4","Z4","C1","EM","RI","OI","CR","NR","TC","Z9","U1","U2","PU","PI","PA","SN","PD","PY","VL","IS","BP","EP","DI","EC","C2","SC","OA","HC","HP","DA","UT"
"J","Sáez, Agustín; Sabatino, Malena; Aizen, Marcelo",NA,"La diversidad floral del borde afecta la riqueza y abundancia de visitantes florales nativos en cultivos de girasol","","",NA,"Ecología austral",NA,NA,NA,NA,NA,NA,"The floral diversity of field margins influences the richness and abundance of native flower visitors in sunfower felds: Pollinator decline has been related to different types of anthropogenic disturbances, a topic largely debated in the context of global change. Within this debate, it has been stressed the importance of natural or semi-natural habitat remnants as pollinator sources for nearby agricultural fields. The SW of Buenos Aires Province is a highly-impacted and intensively-used agricultural region. However, field margins associated with country roads can provide diverse foristic resources and nesting sites for a variety of pollinators, which can eventually improve pollination and productivity of neighboring pollinator-dependent crops. Here, we evaluated the effect of floral diversity of field margins on the richness and abundance of foral visitors across 17 sunflower lots in the districts of Balcarce and Lobería. Our results indicate that floral diversity of field margins had a positive effect on the richness and abundance of native floral visitors in the adjacent crop field. As a consequence, pollination services in these agroecosystems would be promoted by increasing the amount and diversity of these marginal habitats.","La declinación en la diversidad y abundancia de polinizadores relacionada a diversos tipos de disturbios de origen antrópico es un tema de debate en el contexto del cambio en el uso de la tierra. Dentro de este debate se ha enfatizado la importancia de los remanentes de hábitats naturales y semi-naturales como reservorios de polinizadores para cultivos dependientes de ellos. El sudeste de la Provincia de Buenos Aires constituye una zona agrícolo-ganadera con un alto grado de uso y alteración de la tierra. Sin embargo, los márgenes de cultivos asociados a los bordes de caminos pueden proveer recursos forísticos y sitios de nidificación para una gran diversidad de polinizadores, los que podrían, eventualmente, incrementar la polinización y la productividad de muchos cultivos aledaños dependientes de ellos. Aquí evaluamos el efecto de la diversidad foral de los bordes de cultivos sobre la riqueza y abundancia de los visitantes forales en 17 lotes de girasol en la zona de Balcarce y Lobería. Nuestros resultados indican que la diversidad foral del borde tuvo un efecto positivo sobre la riqueza y abundancia de visitantes forales nativos en el cultivo adyacente. En consecuencia, los servicios de polinización en estos agroecosistemas podrían ser promovidos por un incremento en la cantidad y diversidad de estos hábitats marginales.","",NA,NA,NA,"","Aizen, Marcelo/0000-0001-9079-9749",NA,NA,NA,NA,NA,NA,NA,NA,NA,"1667-782X",4,2014,24,"1","94",102,"",NA,NA,NA,"gold",NA,NA,NA,"SCIELO:S1667-782X2014000100011"
"J","Dutra, Alek Sandro; Medeiros Filho, Sebastião; Teófilo, Elizita Maria; Diniz, Fábio Oliveira",NA,"Germinação de sementes de Senna siamea (Lam.) H.S. Irwin E Barneby: Caesalpinoideae","Seeds germination of Senna siamea (Lam.) H.S. Irwin E Barneby: Caesalpinoideae","",NA,"Revista Brasileira de Sementes",NA,NA,NA,NA,NA,NA,"Senna siamea is a tree from Thailand that has adapted well to the climatic conditions of the Northeast of Brazil, that has been used for arborization, hedges and timber production. This research was divided in two experiments that aimed to identify methods to break dormancy and verify how temperature and light can affect germination of its seeds. In the experiment the germination percentages of hard and dead S. siamea seeds were determined using the treatments: humid heat, immersion in sulfuric acid and hot water, mechanical scarification, aiming at breaking dormancy and the control. In the second experiment, S. siamea seeds that had been immersed in sulfuric acid were placed on filter paper and submitted to five light period/temperature combinations: continuous light and constant temperature (25ºC), continuous light and two different temperatures (35ºC/8h and 20ºC/16h), continuous dark and constant temperature (25ºC), continuous dark and two different temperatures (35ºC/8h and 20ºC/16h), and different light periods and temperatures (light/35ºC/8h and dark/20ºC/16h). From the experiments it was concluded that S. siamea seeds present dormancy. The best treatments for breaking dormancy were mechanical scarification and sulfuric acid. The seeds were indifferent to the light and their germination was not influenced by the tested temperatures.","","Senna siamea é uma espécie arbórea originária da Tailândia, que se adaptou às condições do nordeste brasileiro, que vem sendo utilizada na arborização, cerca viva e produção de madeira. A pesquisa foi conduzida em dois experimentos com o objetivo de identificar métodos para superação da dormência e verificar os efeitos da temperatura e luz na germinação de suas sementes. No primeiro, as sementes foram submetidas aos tratamentos: calor úmido, imersão em ácido sulfúrico e água quente, escarificação mecânica, visando à superação da dormência além da testemunha. Foram determinados os percentuais de germinação, de sementes duras e mortas. No segundo experimento, após tratamento com ácido sulfúrico, as sementes foram semeadas em papel-filtro e colocada para germinar sob cinco combinações: luz contínua e 25ºC constante; luz contínua e temperaturas (35ºC/8h e 20ºC/16h); escuro contínuo e 25ºC constante; escuro contínuo e temperaturas (35ºC/8h e 20ºC/16h) e alternância de luz e temperatura (luz/35ºC/8h e escuro/20ºC/16h). Concluiu-se que Senna siamea apresenta sementes dormentes. Entre os tratamentos para superação de dormência destacam-se a escarificação mecânica e a utilização do ácido sulfúrico. As sementes mostram-se indiferentes à luz e sua germinação não foi influenciada pelas temperaturas testadas.",NA,NA,NA,"Diniz, Fabio/E-4336-2015","Diniz, Fabio/0000-0002-1890-5559",NA,NA,NA,NA,NA,NA,NA,NA,NA,"0101-3122",4,2007,29,"1","160",164,"10.1590/S0101-31222007000100022",NA,NA,NA,"gold",NA,NA,NA,"SCIELO:S0101-31222007000100022"
"J","Costa, Benedito Marques da; Capinan, Gean Carlo Soares; Santos, Heloisa Helena Moura dos; Silva, Maxuel Alves da",NA,"Métodos de plantio de gliricídia (Gliricidia sepium (Jacq.) Walp.) em estacas para produção de forragem","Establishment methods of gliricidia (Gliricidia sepium (Jacq.) Walp.) from stakes for forage production","",NA,"Revista Brasileira de Zootecnia",NA,NA,NA,NA,NA,NA,"Gliricidia sepium has been used as shade tree in cocoa plantations, living fences, wood, fuel wood and livestock forage. It can be grown from seeds and from cuttings or stakes. This experiment was carried out to evaluate five grown methods from Gliricidia cuttings in other to identify the one showing highest stake sprouting indexes, forage production and least implantation costs. The experiment was in a randomized block design with five treatments and five replications. The treatments were the followings: 1) stakes with 1m in length placed vertically in pits; 2) stakes with .5 m in length placed vertically in pits; 3) stakes with .25 m in length placed vertically in pits; 4) stakes with 1 m in length placed horizontally in furrows; 5) stakes with .5 m in length placed horizontally in furrows. Stakes with 1m in length placed vertically in pits (method 1) or placed horizontally in furrows (method 4), after 14 days from harvesting, are the most recommended methods since they showed the least costs in expending time to prepare the cutting stakes and for planting operations, providing better profits per hectare, when the incomes from dry matter productions are taken into consideration.","","Gliricídia, uma leguminosa arbórea utilizada no sombreamento de cacaueiros e na produção de forragem, é comumente empregada como cerca viva, madeira e lenha e pode ser multiplicada por sementes e por frações do caule ou de estacas. Conduziu-se este estudo na Escola de Agronomia da UFBA, em Cruz das Almas - Bahia, com o objetivo de avaliar métodos de plantio por estaquia, a fim de se identificar aquele de maior índice de pegamento das estacas, maior produção de forragem e menor custo de implantação. O delineamento experimental foi em blocos casualizados, com cinco tratamentos e cinco repetições. Os tratamentos foram os seguintes: 1) estacas de 1 m de comprimento plantadas verticalmente em covas; 2) estacas de 0,5 m de comprimento plantadas verticalmente em covas; 3) estacas de 0,25 m de comprimento plantadas verticalmente em covas; 4) estacas de 1 m de comprimento plantadas horizontalmente dentro do sulco; 5) estacas de 0,5 m de comprimento plantadas horizontalmente dentro sulco. As estacas de 1,0 m de comprimento plantadas verticalmente dentro de covas (método 1) ou horizontalmente dentro de sulcos (método 4), após 14 dias de colhidas, são os métodos mais recomendáveis por apresentarem menores custos na preparação das estacas e operações de plantio, proporcionando melhores lucros por hectare quando consideradas as receitas das produções de matéria seca.",NA,NA,NA,"","",NA,NA,NA,NA,NA,NA,NA,NA,NA,"1806-9290",12,2004,33,"6 suppl 2","1969",1974,"",NA,NA,NA,"gold",NA,NA,NA,"SCIELO:S1516-35982004000800007"
"J","Alves, Edna Ursulino; Bruno, Riselane de Lucena Alcântara; Oliveira, Ademar Pereira de; Alves, Adriana Ursulino; Alves, Anarlete Ursulino; Paula, Rinaldo Cesar de",NA,"Influência do tamanho e da procedência de sementes Mimosa caesalpiniifolia Benth. Sobre a germinação e vigor","Influence of size and provenance on the germination and vigor of Mimosa caesalpiniifolia Benth. Seeds","",NA,"Revista Árvore",NA,NA,NA,NA,NA,NA,"Mimosa caesalpiniifolia Benth. is a native species from the Northeast region, Brazil, which has been increasingly cultivated from the States of Maranhão to Rio de Janeiro. It presents great potential for urban forestry, hedging and wood production. The present research had as objective to evaluate the influence of the provenance and seed size on the germination and vigor of Mimosa caesalpiniifolia Benth. An experiment was conducted at the Laboratory of Seed Analysis of CCA-UFPB, Areia, Paraíba State, Brazil in a completely randomized design with the treatments arranged in a 3x3 factorial, with three provenances and three size classes , four replicates of 25 seeds. The following characteristics were analyzed: 100-seed weight, seed dimensions, percentage and first counting, germination speed, length and weight of dry matter of primary root and hypocotyl and weight of cotyledon dry matter . It was verified that the germination was not influenced by seed size, however, it was influenced strongly by the provenance. The tests of first count and germination speed were not shown appropriate for seed vigor evaluation, being this better appraised by cotyledon and hypocotyl dry matter. Seed vigor was directly related with size, being thus justified the use of size classes for seedling production.","","Mimosa caesalpiniifolia Benth. é uma planta nativa da Região Nordeste que vem sendo progressivamente cultivada do Maranhão ao Rio de Janeiro. A planta apresenta grande potencial para arborização, cerca viva e produção de madeira. O presente trabalho teve como objetivo avaliar a influência da procedência e tamanho das sementes sobre a germinação e vigor. Para tanto, realizou-se um experimento no Laboratório de Análise de Sementes do Centro de Ciências Agrárias da Universidade Federal da Paraíba (CCA-UFPB), em Areia, PB, em delineamento experimental inteiramente casualizado com os tratamentos distribuídos em esquema fatorial 3x3, com os fatores procedência (Areia, Usina e Arara) e classes de tamanho (sementes pequenas, médias e grandes), em quatro repetições de 25 sementes. Foram analisadas as seguintes características: peso de 100 sementes, dimensões das sementes (comprimento, largura e espessura), porcentagem, primeira contagem e velocidade de germinação, comprimento e massa seca da raiz primária e hipocótilo e massa seca dos cotilédones. Constatou-se que a germinação não foi influenciada pelo tamanho das sementes, no entanto, ela foi significativamente influenciada pela procedência. Os testes de primeira contagem e de velocidade de germinação não se mostraram adequados para avaliação do vigor das sementes, sendo este mais bem avaliado pela massa seca dos cotilédones e hipocótilo. O vigor das sementes, apresentou relação direta com o seu tamanho, justificando-se a adoção de classes de tamanho para a formação de mudas.",NA,NA,NA,"","",NA,NA,NA,NA,NA,NA,NA,NA,NA,"1806-9088",12,2005,29,"6","877",885,"10.1590/S0100-67622005000600006",NA,NA,NA,"gold",NA,NA,NA,"SCIELO:S0100-67622005000600006"
"J","Moreira-González, Ileana; Arnáez-Serrano, Elizabeth; Castillo-Ugalde, Marvin; Briceño-Elizondo, Elemer; Arias-Aguilar, Dagoberto",NA,"Use of pruning in the agricultural management of Jatropha curcas (jatropha) for the plant flower development, in Costa Rica","","",NA,"Revista Tecnología en Marcha",NA,NA,NA,NA,NA,NA,"Abstract The species Jatropha curcas (jatropha) is characteristic of the Mesoamerican region, with its center of origin found in Mexico. It has been adapted for its use as hedge rows and also exploited, based on traditional knowledge for medicinal applications. Currently, it is classified as a valuable species for the production of oils; for biofuels or as paint diluents. In Costa Rica, since 2005, studies have been performed to achieve the positive domestication for the use of this species as an agro-energetic crop along with another food crop. However, the crop management processes are still very recent and it is required to deepen in this subject to obtain a crop of a high economic value. At the Estación Fabio Baudrit, a crop was established, using seeds from the Comayagua variety and an assay was established, in which a strict assessment was performed to random blocks, of the plants length in order to execute the first prune at 40 cm. Later, the blocks were also tracked, to evaluate the branches until the flowering and harvesting stages. The yield of green fruits behaved similarly to the inflorescence and the female flower production. The pruned plants did not present a significant difference in terms of fruit yield for the first year; but in the second year, they exceeded the production of the unpruned plants.","Resumen La especie Jatropha curcas (tempate) es típica de la zona mesoamericana, su centro de origen se ha establecido en México. Ha sido domesticada para ser utilizada en el establecimiento de cercas vivas y por su valor medicinal según el conocimiento tradicional. En la actualidad se cataloga como una especie de alto valor para la producción de aceites que pueden tener uso en biocombustibles o como diluyente de pinturas. En Costa Rica desde el año 2005 se han iniciado estudios para lograr una domesticación favorable para la utilización de esta especie en cultivos agroenergéticos en alternancia con algún cultivo agroalimentario. Sin embargo, los procesos de manejo del cultivo aún son incipientes y se debe profundizar en este tema para lograr una cosecha de mayor valor económico. En la Estación Fabio Baudrit se estableció una plantación proveniente de semilla de la variedad Comayagua y se estableció un ensayo de bloques al azar a los que se le dio un seguimiento estricto en longitud para aplicar una primera poda a los 40 cm y posteriormente un seguimiento a las ramas hasta que inicie la floración y la cosecha. La producción de frutos verdes se comportó de manera similar a la producción de inflorescencias y flores femeninas. Las plantas podadas no mostraron una diferencia significativa de producción de frutos en el primer año, pero en el segundo año, superan a las plantas no podadas.","",NA,NA,NA,"Arias-Aguilar, Dagoberto/AAL-4103-2020","",NA,NA,NA,NA,NA,NA,NA,NA,NA,"0379-3982",3,2019,32,"1","68",76,"10.8845/tm.v32.i1.4119",NA,NA,NA,"gold",NA,NA,NA,"SCIELO:S0379-39822019000100068"
"J","Parentoni, Sidney Netto; Miranda, Rubens Augusto de; Garcia, João Carlos",NA,"Implications on the introduction of transgenics in Brazilian maize breeding programs","Implicações da introdução de milho transgênico nos programas brasileiros de melhoramento","",NA,"Crop Breeding and Applied Biotechnology",NA,NA,NA,NA,NA,NA,"Transgenic maize was approved in Brazil in 2008/2009. In 2012, it occupied 73% of the country maize growing area. This high adoption rate confirms studies indicating that technology use has been the major driving force in Brazilian agriculture. Maize seed market in the world has been a concentrated sector. Although, when this sector is associated with transgenesis, this concentration increases sharply. In one side, there is the idea that companies can benefit from gains of scale and complementarities to maximize their efficiency in research and development (R&D). On the other side, this concentration may allow the exercise of market power by dominant companies. The objective of this study is to analyze the impacts of the adoption of transgenic technology in the arrangements of maize breeding programs and seed production sector in Brazil. A critical analysis of the situation of the breeding programs that do not have this technology is made.","","A tecnologia de transgênicos em milho no Brasil foi liberada em 2008/2009 e em 2012 ocupou 73% da área de milho. Esta alta taxa de adoção confirma estudos que indicam que a opção por uso de tecnologia tem sido o principal fator do desenvolvimento da agricultura nacional. O mercado de sementes de milho no mundo em geral é concentrado, mas a transgenia ampliou esta concentração. De um lado, há a ideia que as empresas podem se beneficiar dos ganhos de escala e complementaridades para maximizar sua eficiência de Pesquisa e Desenvolvimento. De outro, esta concentração pode permitir o exercício do chamado poder de mercado pelas empresas dominantes. O objetivo deste artigo foi analisar os impactos da adoção desta tecnologia no arranjo dos programas de melhoramento e no setor brasileiro de produção de sementes. Uma análise crítica da situação dos programas de melhoramento que não detêm esta tecnologia é feita.",NA,NA,NA,"","",NA,NA,NA,NA,NA,NA,NA,NA,NA,"1984-7033",3,2013,13,"1","9",22,"",NA,NA,NA,"gold",NA,NA,NA,"SCIELO:S1984-70332013000100002"
"J","Cepeda-valencia, Juliana; Gómez P, Diana; Nicholls, Clara",NA,"La estructura importa: abejas visitantes del café y estructura agroecológica principal (EAP) en cafetales","The structure matters: bees visitors of coffee flowers and agroecological main structure (MAS)","",NA,"Revista Colombiana de Entomología",NA,NA,NA,NA,NA,NA,"Cross pollination in coffee increases their quality and the efficiency of pollination has a positive trend with richness of pollinators. The Main Agroecological Structure (MAS) is a new concept to identify and characterize the agroecosystems. The method uses local variables related with agricultural management, landscape and cultural variables. As a first approach to study the relationship between MAS and pollination, we characterized nine systems (five coffee farms, four forests) located in Cundinamarca, using ten local variables, the distance to the forest as a landscape variable and bees (visitors of coffee flowers). The field work was done during the flowerings of 2011 y 2012. After the capture, bees were identified and the pollen loads were analyzed. We found 130 bees of the subfamilies: Halictinae (three species), Megachilidae (one species) and Apinae (nine species). Trigona was the richest genera. The most common visitors of coffee flowers were Apis mellifera and Paratrigona eutaeniata. The bees richness was positive related with plants richness (P = 0.031, R² = 0.96) and the forest proximity (P = 0.0075, R² = 0.52), Also, we found a negatively trend with the increase in coffee density (P = 0.045, R² = 0.67). In the analysis of the pollen loads we identified trees, herbs and epiphytes species, this suggested that bees foraging in all vegetation strata. In this analysis we also found species related with the coffee system and others more related with forest and hedges. We concluded that a change in MAS affecting bee's composition and richness, and preserving richness of bees, implies protection of plant diversity inside the coffee farm and also the maintenance of nearby ecosystems.","En cafetales, la polinización cruzada influye positivamente en la calidad de los frutos y su eficiencia depende de la riqueza de polinizadores. La Estructura Agroecológica Principal (EAP) es un nuevo concepto para caracterizar agroecosistemas, incluyendo variables locales relacionadas con el manejo agrícola, variables de paisaje y culturales. Para estudiar la relación entre EAP y polinización, se caracterizaron nueve sistemas (cinco cafetales, cuatro bosques) en Cundinamarca, evaluando diez variables locales, la distancia al bosque como variable de paisaje y las abejas visitantes del café. Las colecciones se hicieron durante las floraciones de 2011 y 2012 usando captura manual. Luego de su captura y montaje las abejas se identificaron y se extrajo y fijó el polen de contacto. Se encontraron 130 individuos de tres subfamilias: Halictinae (tres especies), Megachilinae (una especie) y Apinae (nueve especies). Trigona fue el género más rico. Apis mellifera y Paratrigona eutaeniata fueron los visitantes florales más abundantes. La riqueza de abejas presentó dependencia positiva con la riqueza vegetal (P = 0,031; R² = 0,96) y la cercanía al bosque (P = 0,0075; R² = 0,52) y negativa con la densidad de café (P = 0,045; R² = 0,67). En el polen de contacto se identificaron árboles, hierbas y epífitas, concluyendo que las abejas visitan diferentes estratos vegetales en su búsqueda de recursos. También, se identificaron plantas propias del arreglo y otras propias de bosques y cercas vivas. Se concluyó que los cambios en la EAP afectan la composición y riqueza de las abejas y que mantener esta diversidad, implica conservar la diversidad del arreglo y a los ecosistemas cercanos.","",NA,NA,NA,"","Cepeda-Valencia, Juliana/0000-0001-9595-3186",NA,NA,NA,NA,NA,NA,NA,NA,NA,"2665-4385",12,2014,40,"2","241",250,"",NA,NA,NA,"gold",NA,NA,NA,"SCIELO:S0120-04882014000200018"
"J","BAHIENSE, DOUGLAS VIANNA; SOUZA, PAULO MARCELO DE; PONCIANO, NIRALDO JOSÉ",NA,"INCENTIVOS À PRODUÇÃO DE FRUTAS E AS MUDANÇAS NA AGRICULTURA DA REGIÃO NORTE DO ESTADO DO RIO DE JANEIRO","INCENTIVES TO THE FRUIT PRODUCTION AND THE CHANGES IN THE AGRICULTURAL OF THE NORTHERN REGION OF RIO DE JANEIRO","",NA,"Revista Brasileira de Fruticultura",NA,NA,NA,NA,NA,NA,"The agricultural economy of the North region of Rio de Janeiro is historically dependent on sugarcane production. In an attempt to reduce such dependence, incentives for the development of fruit production in the region have been adopted, particularly through the “Frutificar” Program (Bear fruit Program). This research aims to evaluate the impacts of the mentioned program, especially its contribution to increase the fruits production and raise the diversification of regional agriculture. The analysis was performed by using the shift-share model, geometric rates of growth and the Diversification Index. It was observed reduction in agricultural area of ??the region, particularly associated with the fall in areas cultivated with sugar cane, rice, corn and beans. In the period of the “Frutificar” Program incentives, there were an increase in the production of pineapple, banana and coconut, which contributed to the diversification of the regional agricultural economy. However, this economy still remains heavily dependent on sugarcane.","","A economia agrícola da região Norte Fluminense é, historicamente, dependente da atividade sucroalcooleira. Na tentativa de reduzir tal dependência, vêm sendo adotados incentivos ao desenvolvimento da fruticultura na região, particularmente através do “Programa Frutificar”. O presente trabalho visa a avaliar os impactos desse programa, sob a óticade sua contribuição para elevar a produção de frutas e diversificar a agricultura regional. A análise foi efetuada mediante o emprego do modelo , shift-sharede taxas geométricas de crescimento, e do Índice de Diversificação. De mão dessas análises, pode-se concluir que foi constatada a redução da área agrícola da região, particularmente associada à queda nas áreas cultivadas com cana-deaçúcar, arroz, milho e feijão. Por outro lado, no período sob estímulo do “Programa Frutificar”, verificouse aumento do cultivo das fruteiras: abacaxi, banana e coco-da-baía. Esta constatação é um indicativo da contribuição da fruticultura como fator de diversificação da economia agrícola regional. Cabe ressaltar que a economia da região Norte Fluminense é ainda fortemente dependente do setor sucroalcooleiro.",NA,NA,NA,"","",NA,NA,NA,NA,NA,NA,NA,NA,NA,"1806-9967",6,2015,37,"2","387",395,"10.1590/0100-2945-096/14",NA,NA,NA,"gold",NA,NA,NA,"SCIELO:S0100-29452015000200387"
"J","Fachinello, José Carlos; Pasa, Mateus da Silveira; Schmtiz, Juliano Dutra; Betemps, Débora Leitzke",NA,"Situação e perspectivas da fruticultura de clima temperado no Brasil","Situation and perspectives of temperate fruit crops in Brazil","",NA,"Revista Brasileira de Fruticultura",NA,NA,NA,NA,NA,NA,"Fruticulture is present in all Brazilian states, and as economic activity, involves around five million people, directly and indirectly. Brazil is the third largest fruit producer, with output of around 40 million tons a year, but has only 2% of global trade industry, which demonstrates the high domestic consumption. The Brazilian fruit growing area is approximately 1.9 million hectares of which 1,034,708 hectares of tropical fruits, 928,552 ha of subtropical fruits and 135,857 ha of temperate species. Among the fruits of temperate climate, are table and wine grapes (81,677 ha), apples (39,081 ha), peaches, plums and nectarines (19,102 ha), persimmons (8,740 ha), strawberries, blackberries, raspberries , blueberries (3,560 ha), figs (3,072 ha), pears (1,404 ha) and quinces (211 ha). Even with a smaller area than the species of tropical and subtropical climate, the temperate fruits have a social importance, highlighted in several regions of southern Brazil, which corresponds to the states of Rio Grande do Sul, Santa Catarina, Parana, of southeastern Brazil, Sao Paulo and Minas Gerais, and in the São Francisco Valley region, in northeasten Brazil, either as fresh crops, agribusiness and/or agrotourism. Brazilian exports of fruits in recent years have been very positive, both in volume and in value. In 1998 Brazil exported 294,222 tons of fruits, whereas in 2008 exported 887,978 tons, representing a 201.8% increase in export volume. The main fruits that contributed to this significant increase were melon, mango, banana, apple and grape, with an increase in export volume between 1998 and 2008 of 226, 242, 91, 948 and 1766% respectively. The production of quality fruits in the temperate regions of southeastern Brazil needs genetic and breeding programs and studies on agricultural management, as well as on plant physiology to adapt them to the mild winter and to the range of temperatures, very frequent in major Brazilian regions. The long summers and precipitation excess cause many diseases and pests, which often requires pesticide treatments in excess. The management of the orchards with integrated fruit production is enabling the production of high quality fruits and at the same time is reducing the environmental impact of the activity. The challenges are related to climate changes, the necessity of pesticide use reduction and supplies, the fruit handling pre-and post-harvest, and to the need for logistics to suit the different markets, the control of pests and diseases and the breeding programs, in order to meet the new demands of each temperate species.","","A fruticultura está presente em todos os estados brasileiros e, como atividade econômica, envolve mais de cinco milhões de pessoas que trabalham de forma direta e indireta no setor. O Brasil é o terceiro maior produtor mundial de frutas, com colheita em torno de 40 milhões de toneladas ao ano, mas participa com apenas 2% do comércio global do setor, o que demonstra o forte consumo interno (ANUÁRIO BRASILEIRO DE FRUTICULTURA, 2010). A área plantada com plantas frutíferas no Brasil está distribuída em 1.034.708 ha com frutas tropicais, 928.552 ha com frutas subtropicais e 151.732 ha com espécies de clima temperado. Dentre as frutas de clima temperado, destaca-se a produção de uvas de mesa e viníferas (81.355 ha); maçãs (38.205 ha); pêssegos, ameixas e nectarinas (19.043 ha); caqui (8.638 ha); morango, amora, framboesa, mirtilo (3.560 ha); figo (2.886 ha); pera (1.394 ha) e marmelo (211 ha). Mesmo com uma área inferior em relação às espécies de clima tropical e subtropical, as frutas de clima temperado têm uma importância socioeconômica destacada em diversas regiões do Brasil, principalmente nos Estados do Rio Grande do Sul, Santa Catarina, Paraná, São Paulo, Minas Gerais e o Vale do São Francisco, seja como cultivo in natura, agroindústria e/ou agroturismo. Para que ocorra a produção de frutas de qualidade nas regiões de clima temperado no Brasil, é necessário o desenvolvimento de programas de melhoramento genético e/ou estudos de manejo e controles sobre a fisiologia das plantas para adaptá-las às condições de inverno ameno e com oscilação de temperaturas, muito frequentes nas principais regiões produtoras brasileiras. Os verões longos e excesso de precipitação ocasionam muitas doenças e pragas, obrigando muitas vezes ao excesso de tratamentos fitossanitários. O manejo dos pomares com a produção integrada de frutas está possibilitando a produção de qualidade e, ao mesmo tempo, reduzindo o impacto ambiental da atividade no setor. Os desafios estão relacionados à adaptação das espécies às mudanças climáticas, à necessidade de se reduzir o uso de agrotóxicos e insumos, aos manejo pré e pós-colheita realizados nas frutas, logística para atender aos diferentes mercados, controle de doenças e pragas e aos programas de melhoramento genético para atender às novas demandas de cada uma das espécies de clima temperado.",NA,NA,NA,"Pasa, Mateus/AAV-7652-2020","",NA,NA,NA,NA,NA,NA,NA,NA,NA,"1806-9967",10,2011,33,"spe1","109",120,"10.1590/S0100-29452011000500014",NA,NA,NA,"gold",NA,NA,NA,"SCIELO:S0100-29452011000500014"
"J","Alves, Greigiano José; Gomes, Marília Fernandes Maciel; Almeida, Fernanda Maria; Gonçalves, Lílian Valeriano",NA,"Impacto da regulamentação SPS e TBT nas exportações brasileiras de uva no período de 1995 a 2009","","",NA,"Revista de Economia e Sociologia Rural",NA,NA,NA,NA,NA,NA,"The grape production chain has unique importance regarding to generate income and employment for many regional economies. However, in recent years, international trades in this sector, as well as the entire fruit sector, have been facing the imposition of various non-tariff measures, including sanitary, phytosanitary and technical. Thus, this paper analyzes the effects of sanitary, phytosanitary and technical rules imposed by importing countries of the Brazilian grape, from 1995 to 2009. To this end, we made an analysis of inventory and an econometric approach, in which we used the gravity model, in order to verify the impact of such measures on the Brazilian shipments of grape. The results found in the inventory analysis showed a positive relationship between changes in the number of notifications and import trends. As for the econometric model, the possibility of such measures have negatively affected the trading was disregarded and, in the case of sanitary and phytosanitary measures, a positive relationship with grape exports was found, i.e., they helped trades and effects of technical measures on exports were zero.","","A cadeia produtiva da uva tem importância ímpar quanto à geração de renda e de emprego para diversas economias regionais. Todavia, nos últimos anos, o comércio internacional deste setor, assim como de todo o setor frutícola, tem enfrentado a imposição de diversas medidas não tarifárias, entre as quais, as sanitárias, fitossanitárias e técnicas. Assim, neste trabalho, são analisados os efeitos das normas sanitárias, fitossanitárias e técnicas impostas pelos países importadores de uva brasileira, no período de 1995 a 2009. Para este fim, foram feitas uma análise de inventário e uma abordagem econométrica, em que se fez uso do modelo gravitacional, com o objetivo de verificar o impacto de tais medidas na exportação de uva brasileira. Pelos resultados encontrados na análise de inventário, foi possível constatar relação positiva entre a evolução do número de notificações e a evolução das importações. Já pelo modelo econométrico, descartou-se a possibilidade de tais medidas terem afetado negativamente o comércio, tendo sido, no caso das medidas sanitárias e fitossanitárias, encontrada uma relação positiva com as exportações de uvas, ou seja, essas medidas auxiliaram o comércio, e os efeitos das medidas técnicas sobre as exportações foram nulos.",NA,NA,NA,"","",NA,NA,NA,NA,NA,NA,NA,NA,NA,"1806-9479",3,2014,52,"1","41",60,"",NA,NA,NA,"gold",NA,NA,NA,"SCIELO:S0103-20032014000100003"
"J","Rathmann, Régis; Hoff, Debora Nayar; Santos, Omar Inácio Benedetti; Padula, Antônio Domingos",NA,"Diversificação produtiva e as possibilidades de desenvolvimento: um estudo da fruticultura na região da Campanha no RS","","",NA,"Revista de Economia e Sociologia Rural",NA,NA,NA,NA,NA,NA,"Studies indicate the existence of a situation of underdevelopment in the southern half of Rio Grande do Sul, directly correlated with the farming and rice culture crises. The later suffers from the macroeconomic policies linked to the opening of the economy and with the pressures of the increase of competitiveness. This process has made the region present inferior performances than State averages when indicators such as GDP and per capita income are analyzed. Seeking to reduce these inequalities, governmental sectors have been elaborating development strategies through the utilization of the regional agricultural vocation as well as the insertion of differentiated chains in local agribusiness. One of these experiences is the Program for the Development of Irrigated Fruit Culture in the Southern Half/RS. Within this context, this article has the objective of presenting the results observed in the GDP and HDI of two municipalities located in the Campanha Region of Rio Grande do Sul, and also to present the effects observed on the life quality of the producers after the implementation of fruit culture in their properties. Based on the data collected and the methodology chosen, it can be said that the productive diversification of rural properties contributes in the improvement of the producers' life quality, having positive effects on the per capita GDP and HDI of the municipalities studied.","","Estudos apontam para a existência na metade sul do Rio Grande do Sul de uma situação de subdesenvolvimento, diretamente correlacionado com a crise da pecuária e da orizicultura. Estes sofrem com as políticas macroeconômicas ligadas à abertura da economia e com as pressões por ampliação da competitividade. Este processo faz com que a região venha apresentando desempenhos inferiores à média estadual quando analisados indicadores como PIB e renda per capita. Visando a diminuição destas desigualdades, setores governamentais vêm elaborando estratégias de desenvolvimento via aproveitamento tanto da vocação regional agrícola, quanto da inserção de cadeias diferenciadas no agronegócio local, sendo uma destas experiências a do Programa de Desenvolvimento da Fruticultura Irrigada na Metade Sul/RS. Neste contexto, este artigo tem como objetivo apresentar os resultados observados no PIB e no IDH de dois municípios localizados na Região da Campanha do RS, além de apresentar os efeitos observados sobre a qualidade de vida dos produtores após a implantação da fruticultura em suas propriedades. Com base nos dados coletados e na metodologia escolhida pode-se dizer que a diversificação produtiva das propriedades rurais contribui para melhorar a qualidade de vida dos produtores, havendo efeitos positivos no PIB per capita e no IDH dos municípios estudados.",NA,NA,NA,"","",NA,NA,NA,NA,NA,NA,NA,NA,NA,"1806-9479",6,2008,46,"2","325",354,"",NA,NA,NA,"gold",NA,NA,NA,"SCIELO:S0103-20032008000200003"
"J","Curzel, V.; Paredes, M.",NA,"La actividad frutícola en los Valles Templados de Jujuy, Argentina: caracterización del sector","A atividade frutícola nos Vales Temperados de Jujuy, Argentina: caracterização do setor","Fruit growing activity in the Template Valleys of Jujuy, Argentina: characterization of the sector",NA,"Agrociencia Uruguay",NA,NA,NA,NA,NA,NA,"Abstract: In Jujuy province, in the extreme north-west area of Argentina, four environmental regions are distinguished: temperate valleys, warm valleys, quebrada and puna. The temperate valley is a humid valley with a temperate climate in winter, with 350 to 550 estimated chill hours. It has 30,000 ha under irrigation. Its main productive activity is tobacco, but horticulture and fruit growing are also carried out there. Fruit production is a viable and economical alternative. Fruit trees, like almond, fig, custard apple and peach, were introduced more than 50 years ago. Peach production is the activity that keeps growing and incorporating technology. The cultivars grown in the area have first and extra-prime characteristics, harvest from September to December. The ecological conditions of the temperate valleys, due to its mild annual weather conditions, are suitable for very early production, like in no other area of the country, with which it obtains great competitive advantages in national markets; annually, 1,300 tons of peaches enter the Central Market of Buenos Aires from Jujuy. The entry of this prime fruit marks the trend of the season and makes it the main prime peach area in Argentina. This commercial opportunity is also seen from the analysis of the seasonality of the market offer of species, such as nectarines, plums, cherries and apricots. The institutions in the area (inta-fca-unju) work jointly with the fruit sector, and important advances in production technology have been made: planting densities, harvest rates, color chart to determine harvest, market information, market studies and analysis of commercial opportunities, crop management and genetic improvement.","Resumen: En la provincia de Jujuy, extremo noroccidental de Argentina, se distinguen cuatro regiones ambientales: valles templados, valles cálidos, quebrada y puna. El valle templado es un valle húmedo de clima templado en invierno, se estiman de 350 a 550 horas frío. Cuenta con 30000 ha bajo riego. La actividad principal es la tabacalera, además se desarrolla la horticultura y la fruticultura. La producción frutícola es una alternativa viable económica y agroclimáticamente, con antecedentes de más de 50 años, cuando se introdujeron almendros, higueras, chirimoyos y durazneros, entre otros. La producción que continúa en crecimiento y con incorporación de tecnología es la de duraznos. Los cultivares que se cultivan en la zona tienen características de primicia y de extraprimicia (cosechas de septiembre a diciembre). La condición agroecológica de los valles templados es adecuada para una producción muy temprana, no equiparable a ninguna otra zona del país, con lo cual obtiene grandes ventajas competitivas en los mercados nacionales. Al Mercado Central de Buenos Aires ingresan anualmente, desde Jujuy, 1.300 toneladas de duraznos, esta fruta marca la tendencia de la temporada y la convierte en la principal zona de primicia de duraznos de Argentina. Desde las instituciones del medio (inta-fca-unju) se trabaja mancomunadamente con el sector frutícola y se han podido realizar importantes avances en la tecnología de producción: densidades de plantación, índices de cosecha, carta de colores para la cosecha, información de mercados, estudios de mercado y análisis de oportunidades comerciales, manejo del cultivo y mejoramiento genético.","Resumo: Na província de Jujuy, extremo noroeste da Argentina, distinguem-se quatro regiões ambientais: vales temperatos, vales subtropicales, quebrada e puna. O vale temperato é um vale úmido no inverno, estimam-se de 350 a 550 horas frio. Conta com 30.000 ha sob irrigação. A principal atividade é a produção de fumo, além disso, desenvolvem-se a horticultura e a fruticultura. A produção frutícola é uma alternativa viável, econômica e agroclimaticamente, com antecedentes de mais de 50 anos, quando se introduziram amêndoas, figueiras, chirimoia, pessegueiros, entre outros. A produção que continua em crescimento e com incorporação de tecnologia é a de pêssegos. As cultivares que se produzem na região têm a característica de ser precoces e extra-precoces (colheitas de setembro a dezembro). As condições agroecológicas dos vales baixos, é adequada para uma produção muito antecipada, não equiparável a nenhuma outra região do país, com o qual obteve grandes vantagens competitivas nos mercados nacionais. Ao Mercado Central de Buenos Aires in-gressam anualmente, desde Jujuy, 1.300 toneladas de pêssegos. Esta fruta marca a tendência da safra e a converte na principal região de produção de pêssegos precoces da Argentina. Desde as instituições da area (INTA-FCA-UNJu), trabalha-se em conjunto com o setor frutícola, e atingiram-se importantes avanços da tec-nologia de produção: densidades de plantação, índices de colheita, tabela de cores para a colheita, informação de mercados, estudos de mercado e análises de oportunidades comerciais, manejo do cultivo e melhoramento genético.",NA,NA,NA,"","",NA,NA,NA,NA,NA,NA,NA,NA,NA,"2730-5066",10,2021,25,"nspe1","e398",NA,"10.31285/agro.25.398",NA,NA,NA,"gold",NA,NA,NA,"SCIELO:S2730-50662021000201303"
"J","Menteguiaga, Clarisa",NA,"Antropoceno y diseño","","",NA,"Cuadernos del Centro de Estudios en Diseño y Comunicación. Ensayos",NA,NA,NA,NA,NA,NA,"Abstract Anthropocene is the name given to the geological era in which we live affected by the activity of humanity, in which there have been major breaking off in our relationship with nature, with catastrophic effects such as global warming. In the current context of serious environmental threats, Design should not be kept out. The visual arts have been addressing these problems for more than five decades and Design is awakening to these needs in a powerful way, through reuse, recycling and the development of new materials. Among the Sustainable Development Goals set by UN, responsible production and consumption promotes the efficient use of resources and reducing degradation and pollution. Each part of the chain is of vital importance. Creators today understand that sustainability is an essential part of their work, although there is still need for more work, research and commitment from businesses and the industrial sector to drive the profound changes that are needed. This text addresses different projects (already implemented or in the prototyping and testing stage) that explore urgent problems through interdisciplinary proposals of Science and Design which, regardless of their final success, provide positive signals to the community contributing to create a mood of change. Cassava, prickly pear, pineapple leaves, corn starch, avocado seeds, sugar cane, beets, polylactic acid and kombucha are some of the new raw materials which are regarded as tending to the circularity of the processes.","Resumen Antropoceno es el nombre dado a la era geológica en que vivimos afectada por la actividad de la humanidad, en la que se han producido grandes quiebres en nuestra relación con la naturaleza, con efectos catastróficos como el calentamiento global. En el contexto actual de graves amenazas medioambientales, el Diseño no puede mantenerse al margen. Las artes visuales atienden estas problemáticas desde hace más de cinco décadas y el Diseño está despertando a estas necesidades en forma potente, a través de la reutilización, el reciclaje y la elaboración de nuevos materiales. Entre los Objetivos de Desarrollo Sostenible planteados por la ONU, se encuentran la producción y consumo responsables, fomentando así el uso eficiente de los recursos, disminuyendo la degradación y contaminación. Cada una de las partes de la cadena es de vital importancia. Los creadores comprenden hoy que la sustentabilidad es parte esencial de su quehacer, aunque faltan aún trabajo, investigación y compromiso por parte del sector empresarial e industrial para impulsar los profundos cambios que son necesarios. Este texto aborda diferentes proyectos (ya implementados o actualmente en etapa de prototipado y testeo) que se hacen cargo de urgentes problemáticas en propuestas interdisciplinares vinculantes de Ciencia y Diseño, y que independientemente a su éxito final dan positivas señales a la comunidad, contribuyendo a generar un clima de cambio. Yuca, nopal, hojas de piña, almidón de maíz, semillas de palta, caña de azúcar, betarraga, ácido poliláctico y kombucha, son algunas de las nuevas materias primas que se visualizan en un escenario tendiente a la circularidad de los procesos.","Resumo Antropoceno é o nome dado à era geológica em que vivemos afetados pela atividade da humanidade, na qual houve grandes rupturas em nosso relacionamento com a natureza, com efeitos catastróficos como o aquecimento global. No atual contexto de sérias ameaças ambientais, o Design não pode ser mantido de fora. As artes visuais abordam esses problemas há mais de cinco décadas e o Design está despertando essas necessidades de maneira poderosa, através da reutilização, reciclagem e desenvolvimento de novos materiais. Entre os Objetivos de Desenvolvimento Sustentável estabelecidos pela ONU, estão a produção e o consumo responsáveis, promovendo o uso eficiente dos recursos, reduzindo a degradação e a poluição. Cada uma das partes da cadeia é de importância vital. Os criadores entendem hoje que a sustentabilidade é uma parte essencial de seu trabalho, embora ainda haja falta de trabalho, pesquisa e comprometimento do setor empresarial e industrial para impulsionar as profundas mudanças necessárias. Este texto aborda diferentes projetos (já implementados ou atualmente em fase de prototipagem e teste) que cuidam de problemas urgentes em propostas interdisciplinares vinculativas de Ciência e Design, e que, independentemente de seu sucesso final, dão sinais positivos à comunidade, contribuindo para gerar Um clima de mudança. Mandioca, pera espinhosa, folhas de abacaxi, amido de milho, sementes de abacate, cana de açúcar, betarraga, ácido polilático e kombucha, são algumas das novas materias primas que são visualizadas em um cenário tendente à circularidade dos processos.",NA,NA,NA,"","",NA,NA,NA,NA,NA,NA,NA,NA,NA,"1853-3523",2,2022,NA,"103","149",165,"10.18682/cdc.vi103.4143",NA,NA,NA,"gold",NA,NA,NA,"SCIELO:S1853-35232022000200149"
"J","CASTRO, ÉRIKA BEATRIZ DE LIMA; MELO, RAYLSON DE SÁ; COSTA, EMANUEL MAGALHÃES DA; PESSOA, ANGELA MARIA DOS SANTOS; OLIVEIRA, RAMONY KELLY BEZERRA; BERTINI, CÂNDIDA HERMÍNIA CAMPOS DE MAGALHÃES",NA,"CLASSIFICATION OF Phaseolus lunatus L. USING IMAGE ANALYSIS AND MACHINE LEARNING MODELS","CLASSIFICAÇÃO DE Phaseolus lunatus L. USANDO TÉCNICA DE ANÁLISE DE IMAGEM E MODELOS DE APRENDIZAGEM DE MÁQUINA","",NA,"Revista Caatinga",NA,NA,NA,NA,NA,NA,"ABSTRACT Image analysis combined with machine learning models can be an excellent tool for classification of fava (Phaseolus lunatus L.) genotypes and is a low-cost system. Fava is grown by family farmers, mainly, in the Northeast and South regions of Brazil, presenting economic and social importance. Evaluations to gather information on qualitative and quantitative characters of seeds enable the description and distinction of genotypes, allowing the evaluation of variability of plant species, which is essential in breeding programs. The use of image analysis is a fast and economic tool for obtaining large quantity of information. Machine learning techniques have been developed and implemented in the agricultural sector due to technological advances and increasing use of artificial intelligence, which enables the automatization of several processes. In this context, the objective of this work was to evaluate different machine learning models to classify fava genotypes, using data obtained through image analysis. Images of fava seeds were captured using a table scanner (HP Scanjet 2004), set to true color mode, arranged upside down inside of an aluminum box fully closed during the capture of the images for an adequate illumination and prevention of environmental noises. The K-Nearest Neighbor, Naive Bayes, Linear Discriminant Analysis, Support Vector Machine, Gradient Boosting, Bootstrap Aggregating, Classification and Regression Trees, Random Forest, and C50 models were used for the study. Linear Discriminant Analysis was the model that presented the highest efficiency for classifying the genotypes, with an accuracy of 90%.","","RESUMO - A análise de imagem associada com modelos de aprendizado de máquina pode ser uma excelente ferramenta de classificação para genótipos de fava, além de ser um sistema de baixo custo. A produção de feijão-fava é realizada por agricultores familiares, principalmente, nas regiões Nordeste e Sul do país, apresentando importância econômica e social. A avaliação e o conhecimento de caracteres qualitativos e quantitativos das sementes, permite a descrição e distinção de genótipos, permitindo a avaliação da variabilidade desta espécie, que é fundamental em um programa de melhoramento. O uso de análise de imagem é uma das ferramentas para obtenção de uma grande quantidade de informações de forma rápida e econômica. Com os avanços tecnológicos, e o uso cada vez mais comum de inteligência artificial, as técnicas de aprendizado de máquinas vêm sendo desenvolvidas e implementadas no setor agropecuário, permitindo que vários processos sejam automatizados. Diante do exposto, objetivou-se com esse trabalho, avaliar diferentes modelos de Machine Learning para classificar genótipos de fava, por meio de dados obtidos por análise de imagem. As imagens das sementes de fava, foram capturadas por um scanner de mesa, configurado no modo “true color”, adaptado de maneira invertida, dentro de uma caixa de alumínio, completamente fechada durante a captura da imagem, para ter iluminação adequada e eliminar ruídos do ambiente. Neste estudo foram usados os modelos de KNN, NB, LDA, SVM, GBM, BAGGING, CART, RF e C50. O modelo de LDA foi o que apresentou maior eficácia na classificação dos genótipos, com uma precisão de 90%.",NA,NA,NA,"",", Raylson de Sa Melo/0000-0001-9512-7335; de Lima Castro, Erika Beatriz/0000-0002-1396-9967; Bertini, Candida/0000-0003-2949-5660; Bezerra Oliveira, Ramony Kelly/0000-0002-1908-0560; dos Santos Pessoa, Angela Maria/0000-0002-7393-984X",NA,NA,NA,NA,NA,NA,NA,NA,NA,"1983-2125",10,2022,35,"4","772",782,"10.1590/1983-21252022v35n404rc",NA,NA,NA,"gold",NA,NA,NA,"SCIELO:S1983-21252022000400772"
"J","Oliveira, Emerson Flores de; Santos, Patricia Resplandes Rocha dos; Santos, Gil Rodrigues dos",NA,"Seeds of weeds as an alternative host of phytopathogens","Sementes de plantas daninhas como hospedeiras alternativas de fitopatógenos","",NA,"Arquivos do Instituto Biológico",NA,NA,NA,NA,NA,NA,"ABSTRACT: Weeds compete with agricultural crops for water, light, nutrients and space, besides having an extensive seed bank. However, another aspect to be considered relates to few studies pointing out weeds as hosts of phytopathogenic fungi. Many fungi, the main cause of diseases in plants, are known to use seeds as an efficient means of survival and dispersal. The objective of this work was to evaluate the health of weed seeds and the pathogenicity of fungi associated to plants of agricultural importance. The seeds were collected manually in Cerrado areas located in the municipality of Gurupi, Tocatins, Brazil. The blotter test method was used to evaluate seed health. The incidence of fungi was evaluated through an individual analysis of seeds using a stereoscopic and an optical microscope. The pathogenicity of fungi from weed seeds was evaluated by inoculation in plants of agronomic interest and, when pathogenic, we inoculated them in the host plant of the fungus. Weed seeds have been identified in fungi of the genus Alternaria, Aspergillus, Bipolaris, Cladosporium, Curvularia, Fusarium, Nigrospora, Papularia, Rhizopus and Pythium. The seeds of Acanthospermum australe, Bidens pilosa, Cenchrus echinatus, Digitaria horizontalis, Echinochloa crus-pavonis, Eleusine indica, Ipomoea sp., Pennisetum setosum, Sida rhombifolia, Spermacoce latifolia, Tridax procumbens and Vernonia polyanthes carry and disseminate fungi that, once inoculated, cause infection in plants of agricultural importance, such as Oryza sativa, Phaseolus vulgaris, Vigna unguiculata, Zea mays and Glycine max.","","RESUMO: As plantas daninhas competem com culturas agrícolas por água, luz, nutrientes e espaço, além de possuírem um extenso banco de sementes. Entretanto, outra vertente a ser considerada é quanto aos poucos estudos relacionando plantas daninhas como hospedeiras de fungos fitopatogênicos. É sabido que muitos fungos, principais causadores de doenças em plantas, utilizam as sementes como meio eficiente de sobrevivência e de dispersão. Dessa forma, o trabalho objetivou avaliar a sanidade de sementes de plantas daninhas e a patogenicidade dos fungos associados às plantas de importância agrícola. As sementes foram coletadas manualmente em áreas de cerrado localizadas no município de Gurupi, Tocantins, utilizando o método blotter test para avaliação da sanidade. A incidência dos fungos foi avaliada com auxílio de microscópio estereoscópico e ótico. A patogenicidade dos fungos oriundos das sementes de plantas daninhas foi avaliada por meio da inoculação em plantas de interesse agronômico e, quando patogênico, a inoculação foi na própria planta daninha hospedeira do fungo. Foram identificados os fungos dos gêneros Alternaria, Aspergillus, Bipolaris, Cladosporium, Curvularia, Fusarium, Nigrospora, Papularia, Rhizopus e Pythium. As sementes de Acanthospermum australe, Bidens pilosa, Cenchrus echinatus, Digitaria horizontalis, Echinochloa crus-pavonis, Eleusine indica, Ipomoea sp., Pennisetum setosum, Sida rhombifolia, Spermacoce latifolia, Tridax procumbens e Vernonia polyanthes transportam e disseminam fungos que, uma vez inoculados, causam infecção em plantas de importância agrícola, como Oryza sativa, Phaseolus vulgaris, Vigna unguiculata, Zea mays e Glycine max.",NA,NA,NA,"do Instituto Biológico, Arquivos/Q-2144-2019","SANTOS, GIL/0000-0002-3830-9463; Flores de Oliveira, Emerson/0000-0002-5531-1004",NA,NA,NA,NA,NA,NA,NA,NA,NA,"1808-1657",NA,2018,85,"","e0972017",NA,"10.1590/1808-1657000972017",NA,NA,NA,"gold",NA,NA,NA,"SCIELO:S1808-16572018000100232"
"J","Fernandes, Celso Dornelas; Verzignassi, Jaqueline Rosemeire; Mallmann, Guilherme; Queiróz, Carolina de Arruda",NA,"Controle químico da mela-das-sementes e do carvão em cultivares de Brachiaria brizantha","Chemical control of smut and seed honeydew in cultivars of Brachiaria brizantha","",NA,"Summa Phytopathologica",NA,NA,NA,NA,NA,NA,"ABSTRACT Brazil is the world’s largest producer, consumer and exporter of seeds of tropical forage species. However, production has been threatened by the presence of fungi and phytonematodes, which may reduce the productivity and / or the quality of produced seeds, besides constituting sanitary barriers for several countries that import these seeds. Considering Brachiaria spp., the main diseases are honeydew and smut in the seeds, caused by the fungi Claviceps maximensis and Ustilago operta, respectively. Despite the great demand by the productive sector, there are few studies related to control strategies for these diseases. Thus, this study was carried out with the aim of evaluating fungicide efficiency in the control of these diseases. Four experiments were implemented, two of them in Embrapa Gado de Corte, in Campo Grande-MS, and two in Paraíso das Águas-MS. The cultivars BRS Piatã and Xaraés, both belonging to Brachiaria brizantha, were used. The effects of several fungicides (g ai / ha) were evaluated; they were applied in three periods for Campo Grande: plants with 10% anthesis, 20 and 40 days after the first application. In Paraíso das Águas, fungicides were applied only once, in plants with 10% anthesis. For the cultivar BRS Piatã, in Campo Grande, the best results for honeydew control were obtained with treatments T7 (trifloxystrobin + cyproconazole (150.0 + 64.0)) and T11 (first application: pyraclostrobin (97.5) + epoxiconazole (60.0), second application: tebuconazole (120.0), third application: pyraclostrobin (97.5) + epoxiconazole (60.0)). For the cultivar BRS Xaraés, the disease was less expressive with treatments T4 (pyraclostrobin (175.0)), T6 (azoxystrobin + cyproconazole (80.0 + 32.0)), T9 (first application: pyraclostrobin (175.0), second and third application: pyraclostrobin + epoxiconazole (99.75 + 37.5)) and T11 (first application: pyraclostrobin (97.5) + epoxiconazole (60.0), second application: tebuconazole (120.0), third application: pyraclostrobin + epoxiconazole (97.5 + 60.0)). There was no occurrence of smut for both cultivars in Campo Grande. For BRS Piatã, in the experiment at Paraíso das Águas-MS, although the intensity of honeydew and smut was not significant, with treatment T4 (pyraclostrobin (175.0)), the yield of pure seeds was 69.6% higher than that of control, producing 456.78 kg/ha, which demonstrates a high benefit/cost ratio using this treatment. This result with T4 may have been the expression of physiological effects caused by pyraclostrobin. Fungicide application on the aerial part of Brachiaria brizantha plants cv BRS Xaraés in Campo Grande, where there was high incidence of the fungi Alternaria spp., Bipolaris spp., Curvularia spp., Fusarium spp. and Phoma spp. in the seeds, showed the beneficial effect of the treatment, especially T7 (trifloxystrobin + cyproconazole (150.0 + 64.0)), which significantly reduced the occurrence of Bipolaris spp., Fusarium spp. and Phoma spp. In Paraíso das Águas, where the incidence of these pathogens was lower, results were not conclusive.","","RESUMO O Brasil é o maior produtor, consumidor e exportador mundial de sementes de espécies forrageiras tropicais. Contudo, a produção tem sido ameaçada pela presença de fungos e fitonematoides, os quais podem reduzir a produtividade e/ou a qualidade das sementes produzidas, além de constituírem barreiras sanitárias para vários países importadores dessas sementes. Em Brachiaria spp., as principais doenças são a mela-das-sementes e o carvão, causadas, respectivamente, pelos fungos Claviceps maximensis e Ustilago operta. Apesar da grande demanda pelo setor produtivo, poucos são os estudos relacionados a estratégias de controle das doenças. Assim, realizou-se este trabalho objetivando-se avaliar a eficiência de fungicidas no controle das referidas doenças. Implantaram-se quatro experimentos, sendo dois na Embrapa Gado de Corte, em Campo Grande-MS, e dois em Paraíso das Águas-MS. Foram utilizadas as cultivares BRS Piatã e Xaraés, ambas pertencentes à Brachiaria brizantha. Foram avaliados os efeitos de vários fungicidas (g ia/ha), os quais foram aplicados em três épocas para Campo Grande: plantas com 10% de antese, 20 e 40 dias após a primeira aplicação. Em Paraíso das Águas, os fungicidas foram aplicados uma única vez, nas plantas com 10% de antese. Na cultivar BRS Piatã, para Campo Grande, os melhores resultados obtidos para o controle da mela-das-sementes foram com os tratamentos T7 (trifloxistrobina + ciproconazole (150,0 + 64,0)) e T11 (primeira aplicação: piraclostrobina (97,5) + epoxiconazole (60,0), segunda aplicação: tebuconazole (120,0), terceira aplicação: piraclostrobina (97,5) + epoxiconazole (60,0)). Na cultivar Xaraés, a doença foi menos expressiva nos tratamentos T4 (piraclostrobina (175,0)), T6 (azoxistrobina + ciproconazole (80,0 + 32,0)), T9 (primeira aplicação: piraclostrobina (175,0); segunda e terceira aplicações: piraclostrobina + epoxiconazole (99,75 + 37,5)) e T11 (primeira aplicação: piraclostrobina (97,5) + epoxiconazole (60,0), segunda aplicação: tebuconazole (120,0), terceira aplicação: piraclostrobina + epoxiconazole (97,5 + 60,0)). Não houve ocorrência de carvão para ambas as cultivares em Campo Grande. Para BRS Piatã, no experimento de Paraíso das Águas-MS, apesar da intensidade de mela-das-sementes e de carvão não terem sido expressivas, no tratamento T4 (piraclostrobina (175,0) a produtividade de sementes puras foi 69,6% maior que a testemunha, produzindo 456,78 kg/ha, demonstrando alta relação benefício/custo com o referido tratamento. Tal resultado em T4 pode ter sido expressão de efeitos fisiológicos proporcionados pela piraclostrobina. A aplicação de fungicidas na parte aérea das plantas de BRS Xaraés de Brachiaria brizantha em Campo Grande, onde houve alta incidência dos fungos Alternaria spp., Bipolaris spp., Curvularia spp., Fusarium spp. e Phoma spp. nas sementes, revelou o efeito benéfico do tratamento, sobretudo do T7 (trifloxistrobina + ciproconazole (150,0 + 64,0)), o qual reduziu significativamente a ocorrência de Bipolaris spp., Fusarium spp. e Phoma spp. Em Paraíso das Águas, onde a incidência dos referidos patógenos foi menor, os resultados não foram conclusivos.",NA,NA,NA,"","",NA,NA,NA,NA,NA,NA,NA,NA,NA,"1980-5454",6,2017,43,"2","136",144,"10.1590/0100-5405/2102",NA,NA,NA,"gold",NA,NA,NA,"SCIELO:S0100-54052017000200136"
"J","Ribeiro, Claudia SC; Souza, Karina RR; Carvalho, Sabrina IC; Reifschneider, Francisco JB",NA,"BRS Juruti: the first Brazilian habanero-type hot pepper cultivar","BRS Juruti: primeira cultivar brasileira de pimenta habanero","",NA,"Horticultura Brasileira",NA,NA,NA,NA,NA,NA,"ABSTRACT: The Habanero hot pepper group is not well known in Brazil, despite its origin in the Amazon. Nevertheless, domestic and international markets have been increasing the demand for this type of hot pepper. The Brazilian agroindustry is interested in supplying part of this demand with high quality products and competitive prices, and it needs well-adapted cultivars. To fill this gap, Embrapa Vegetables developed the Habanero pepper cultivar BRS Juruti, which meets the demands of both the market for fresh fruit and the processing agroindustry of mash and sauces. Cultivar BRS Juruti has red fruits and yielded around 50 t/ha (36,000 plants/ha). Fruit pungency is circa 260,000 SHU and fruits have high content of vitamin C (122 mg/100 g). BRS Juruti is resistant to several viruses, Oidiopsis sicula, and Meloidogyne javanica, and presents intermediate resistance to key bacterial diseases; and is highly uniform in comparison with the original population. Cultivar BRS Juruti is recommended for open field (specially adapted to the Central Region of Brazil), as well as greenhouse/screenhouse cultivation. BRS Juruti has been registered (RNC 32010) and protected (DOU 01/09/2015) in theBrazilian Ministry of Agriculture, Livestock and FoodSupply (MAPA). Breeders' seed is being made available to interested parties in the private sector.","","RESUMO: A pimenta do tipo habanero não é muito conhecida no Brasil, apesar de sua origem na Amazônia. Recentemente, os mercados nacionais e internacionais têm aumentado a demanda por esse tipo de pimenta. A agroindústria brasileira está interessada em atender parte dessa demanda com produtos de alta qualidade e com preços competitivos, mas, para isso, necessita de cultivares bem adaptadas às nossas condições edafoclimáticas. A cultivar de pimenta habanero BRS Juruti foi desenvolvida pela Embrapa Hortaliças visando tanto o mercado de frutos frescos como a indústria processadora de pastas e molhos. A cultivar BRS Juruti tem frutos de coloração vermelha quando maduros, é altamente uniforme e apresenta potencial produtivo de cerca de 50 t/ha (36.000 plantas/ha). Os frutos da cultivar BRS Juruti têm pungência de cerca de 260.000 SHU e alto teor de vitamina C (122 mg/100 g de fruto). A cultivar BRS Juruti é resistente a vários vírus, Oidiopsis sicula e Meloidogyne javanica, e apresenta resistência intermediária a doenças bacterianas. A cultivar BRS Juruti é recomendada para cultivo em campo aberto (especialmente adaptada à Região Central do Brasil), bem como para cultivo protegido. A cultivar BRS Juruti foi registrada (RNC 32010) e protegida (DOU 01/09/2015) no Ministério da Agricultura, Pecuária e Abastecimento (MAPA). Sementes genéticas da cultivar BRS Juruti estão sendo disponibilizadas ao setor privado.",NA,NA,NA,"","",NA,NA,NA,NA,NA,NA,NA,NA,NA,"1806-9991",12,2015,33,"4","527",529,"10.1590/S0102-053620150000400020",NA,NA,NA,"gold",NA,NA,NA,"SCIELO:S0102-05362015000400527"
"J","Santos, Nilmara Mércia de Souza Sá; Queiroz, Mário Adriano Ávila; Araújo, Gherman Garcia Leal de; Costa, Samir Augusto Pinheiro; Albuquerque, Ítalo Reneu Rosas de; Moura, José Helder Andrade; Garrido, Marlon da Silva; Manera, Daniel Bomfim",NA,"Salinidade na água de beber de ovinos e uso dos dejetos em cultivo de plântulas de milho","Salinity in the drinking water of sheep and use of their manure for cultivation of maize seedlings","",NA,"Ciência Rural",NA,NA,NA,NA,NA,NA,"The objective of this study was to characterize and to evaluate the emergence and survival of maize seeds, as well as growth, dry mass of shoot and root dry mass of seedlings grown with manure of sheep fed with water with different levels of total dissolved solids (TDS) -640, 3188, 5740 and 8326 mg-1. The study was conducted in the greenhouse industry seedling production at Embrapa Semi-Arid in Petrolina-PE. The experimental design was completely randomize with four treatments and ten replicates. Data were analyzed using orthogonal contrasts and polynomial regression. It was significant (P<0.05) in the rate of emergence estimated by regression that the best substrate should contain until 1811 SDT in drinking water for this variety of corn. However, the biomass of shoot and root, the percentage of survival and seedling height have not been changed (P>0.05).","","O objetivo deste estudo foi caracterizar substratos e avaliar a emergência e a sobrevivência de sementes de milho, bem como o crescimento, massa seca da parte aérea e a massa seca da raiz de plântulas cultivadas com substratos (solo e dejetos de ovinos), alimentados com água com diferentes níveis de sólidos dissolvidos totais (SDT)- 640; 3.188; 5.740 e 8.326mgl. O estudo foi desenvolvido em casa de vegetação no setor de produção de mudas da Embrapa Semiárido em Petrolina-PE. O delineamento experimental utilizado foi o inteiramente casualizado, com quatro tratamentos e dez repetições. Os dados foram analisados por meio de contrastes ortogonais e regressão polinomial. Foi verificado efeito (P<0,05) no índice de velocidade de emergência, sendo estimado por regressão que o melhor substrato deva conter até 1811SDT na água de beber dos animais para essa variedade de milho. No entanto, na biomassa da parte aérea e da raiz, o percentual de sobrevivência e altura das plântulas não sofreram modificações (P>0,05).",NA,NA,NA,"Araujo, Gherman/AAJ-5720-2020; Queiroz, Mário AA/S-3043-2016; Garrido, Marlon/IUO-0102-2023; de Araújo, Gherman Garcia Leal/AAG-7566-2020; Queiroz, Mário Adriano Ávila/HNT-0374-2023","Queiroz, Mário AA/0000-0001-7677-5273; de Araújo, Gherman Garcia Leal/0000-0001-9605-1096;",NA,NA,NA,NA,NA,NA,NA,NA,NA,"1678-4596",3,2014,44,"3","531",537,"10.1590/S0103-84782014000300023",NA,NA,NA,"gold",NA,NA,NA,"SCIELO:S0103-84782014000300023"
"J","Araujo R, O.; Souza, I.A.; Sena, K.X.F.R.; Brondani, D.J.; Solidônio, E.G.",NA,"Avaliação biológica de Foeniculum vulgare (Mill.) (Umbelliferae/Apiaceae)","Biological evaluation of Foeniculum vulgare (Mill.) (Umbelliferae/Apiaceae)","",NA,"Revista Brasileira de Plantas Medicinais",NA,NA,NA,NA,NA,NA,"Foeniculum vulgare Mill. (Umbelliferae) is a herbaceous plant of the family Umbelliferae, native to the Mediterranean and Asia Minor region and widely distributed all over the Brazilian territory. It is commonly known as fennel or erva-doce and has been used in medicine as analgesic, digestive, carminative, diuretic, expectorant, lactigenous, anti-inflammatory, and antispasmodic agent. Crude ethanolic extract for the verification of biological activities was prepared from seeds bought in the market. For the phytochemical profile, analytical thin-layer chromatography was used; the antimicrobial activity was determined by the paper disc diffusion test and minimum inhibitory concentration (MIC); the antinociceptive activity was verified by the method of abdominal writhings in the animals. The tested microorganisms were multiresistant clinical isolates obtained from the Bacteriology Sector of the Clinical Hospital of Pernambuco. The phytochemical study identified the majority of secondary compounds present in the methanolic fraction of seeds, as follows: triterpenes, flavanoid glycosides, smaller terpenes (monoterpenoids, sesquiterpenoids and diterpenoids) and reducing sugars. The obtained results showed that the ethanolic extract had greater activity against Micrococcus spp. (MIC=250µg/mL). Results of the evaluation of the antinociceptive activity demonstrated that only the dosage of 298 mg/Kg, compared to the indomethacin pattern, led to a significant reduction in the number of abdominal writhings in the animals. Further studies will be carried out for the identification and isolation of some secondary compounds, as well as other analgesic protocols.","","Foeniculum vulgare Mill. é espécie herbácea da família Umbelliferae, nativa da região do Mediterrâneo e da Ásia Menor, amplamente distribuída em todo o território brasileiro. É conhecida popularmente como funcho ou erva-doce e usada na medicina como analgésico, digestivo, carminativo, diurético, expectorante, lactígeno, anti-inflamatório, e antiespasmódico. O extrato bruto etanólico para a verificação das atividades biológicas foi preparado a partir de sementes compradas no comércio. Para a realização do perfil fitoquímico foi utilizada a cromatografia em camada delgada analítica; a atividade antimicrobiana foi determinada pelo teste de difusão em disco de papel e da concentração inibitória mínima (CIM); a atividade antinociceptiva foi realizada pelo método de contorções abdominais em cobaias. Os micro-organismos testados foram isolados clínicos multirresistentes obtidos do Setor de Bacteriologia do Hospital das Clínicas de Pernambuco. O estudo fitoquímico identificou a maioria dos compostos secundários presentes na fração metanólica das sementes, sendo eles: triterpenos, glicosídeos de flavanóides, terpenos menores (monoterpenóides, sesquiterpenóide e diterpenóides), e açúcares redutores. Os resultados obtidos mostraram que o extrato etanólico apresentou maior atividade frente à Micrococcus spp. (CIM=250µg/mL). Os resultados da avaliação da atividade antinociceptiva demonstraram que apenas a dosagem de 298 mg/Kg quando comparado com o padrão indometacina conseguiu uma redução significativa no número de contorções abdominais dos animais. Estudos posteriores deverão ser realizados para a identificação e isolamento de alguns compostos secundários, bem como a realização de outros protocolos de analgesia.",NA,NA,NA,"","",NA,NA,NA,NA,NA,NA,NA,NA,NA,"1983-084X",NA,2013,15,"2","257",263,"10.1590/S1516-05722013000200014",NA,NA,NA,"gold",NA,NA,NA,"SCIELO:S1516-05722013000200014"
"J","von Baer, Erik; von Baer, Ingrid; Riegel, Ricardo",NA,"Pecosa-Baer: A New Cultivar of New Cultivar Cultivar of White Lupin with Determined Bushy Growth Habit, Sweet Grain and High Protein Content","Pecosa-Baer: Nuevo Cultivar de Lupino Blanco de Hábito de Crecimiento Determinado Arbustivo, Grano Dulce y Alto Contenido de Proteína","",NA,"Chilean journal of agricultural research",NA,NA,NA,NA,NA,NA,"The expansion of white lupin (Lupinus albus L.) cultivation in Chile is subject to the availability of cultivars presenting high yield potential, tolerance to the main fungal diseases and homogeneous ripening. In response to these requirements, a new cultivar has been developed and registered as ‘Liapec->1’, commercially registered as ‘Pecosa-Baer’. This new cultivar has determined bushy growth habit. Its flowering period is concentrated in approximately 40 days, less than the 77 days of cv. Rumbo-Baer. This trait allows it to reach harvest without heterogeneity problems. The seed is speckled, flat and medium-sized (370 g/1000 grains aprox.). The kernels are sweet and have a high protein content of around 41% (dry matter basis). In field assays, ‘Pecosa-Baer’ presents a good tolerance to diseases caused by Colletotrichum lupini and Pleiochaeta setosa. The new cultivar has outstanding stability and yield levels, even under low fertilization conditions. An average yield of 5.43 t ha-1 was obtained over four seasons in two locations. In order to maximize its yield, ‘Pecosa-Baer’ must be sown between April and June at a rate of 140-160 kg ha-1. Given the high protein content and low alkaloid levels of the seeds, they can be included in the diet of all types of animals.","La expansión del cultivo del lupino blanco (Lupinus albus L.) en Chile está sujeta a la disponibilidad de cultivares que presenten altos potenciales de rendimiento, tolerancia a las principales enfermedades fungosas y una maduración homogénea. Respondiendo a estos requerimientos se ha desarrollado el nuevo cultivar inscrito como ‘Liapec-1’ y registrado comercialmente como ‘Pecosa-Baer’. Este nuevo cultivar presenta un hábito de crecimiento determinado arbustivo. Su floración se concentra en aproximadamente 40 días, muy por debajo de los 77 días del cv. Rumbo-Baer. Esta característica le permite llegar a cosecha sin problemas de heterogeneidad de madurez. Su grano es de color jaspeado, forma aplanada, dulce, de tamaño medio (aprox. 370 g/1000 granos) y con un alto contenido de proteína que bordea el 41% (base materia seca). En ensayos de campo ‘Pecosa-Baer’ presenta una buena tolerancia a las enfermedades causadas por Colletotrichum lupini y Pleiochaeta setosa. Se debe destacar la estabilidad y niveles de rendimiento de este nuevo cultivar, aún bajo condiciones de baja fertilización. En cuatro temporadas, en dos localidades se obtuvo un rendimiento promedio de 5,43 t ha-1. Para maximizar su rendimiento, ‘Pecosa-Baer’ debe ser sembrada entre abril y junio con una dosis de semilla de entre 140 y 160 kg ha-1. Su alto contenido proteico y bajos niveles de alcaloides en los granos permiten su inclusión en la dieta de todo tipo de animales.","",NA,NA,NA,"","",NA,NA,NA,NA,NA,NA,NA,NA,NA,"0718-5839",12,2009,69,"4","577",580,"10.4067/S0718-58392009000400013",NA,NA,NA,"gold",NA,NA,NA,"SCIELO:S0718-58392009000400013"
"J","Maia, Ozana Maria de Andrade; Oliveira, Carlos Amadeu Leite de",NA,"Suscetibilidade de cercas-vivas, quebra-ventos e plantas invasoras ao vírus da leprose e sua transmissão para laranjeiras por Brevipalpus phoenicis (Geijskes) (Acari: Tenuipalpidae)","Infection in hedgerows, windbreaks and weeds by leprosies virus and its transmission to orange trees by Brevipalpus phoenicis (Geijskes) (Acari: Tenuipalpidae)","",NA,"Revista Brasileira de Fruticultura",NA,NA,NA,NA,NA,NA,"The objective was to evaluate the potential of some common plants in and around citrus orchards to host the leprosies virus, transmitted by the mite Brevipalpus phoenicis (Geijskes).It was used the following plants: Hibiscus sp. L., Malvaviscus mollis DC., Grevillea robusta A. Cunn., Mimosa caesalpiniaefolia Benth., Bixa orellana L., Commelina benghalensis L., Bidens pilosa L., Sida cordifolia L. and Ageratum conyzoides L.. Two stock colonies of the mite were set up; one on fruits with leprosies symptoms and other on fruits without symptoms. Two leaves were selected from each host plant, on which mites reared on fruits with leprosies lesions, and were confined during seven days. Subsequently, the mites were transferred to citrus seedlings variety Natal and Valencia and taken to a greenhouse. The leaves infested with mites were removed and placed on cotton and filter paper in Petri dishes. Mites reared on fruit without leprosies lesions were allowed to feed on the host plant leaves during three days, and were then transferred to citrus seedlings, which were taken to the greenhouse. After 60 days, the number of lesions on the citrus seedlings was counted. The mites continued to transmit the virus to citrus seedlings, even after seven days of feeding on the host plants. Mites reared on fruit without leprosies lesions, acquired the virus and transmitted it to citrus seedlings when kept on C. benghalensis, A. conyzoides, B. pilosa, S. cordifolia or B. orellana leaves on where mites from leprosies lesions had been previously reared. It was conclude that these plants can be depositories and sources for transmission of leprosies virus to susceptible citrus plants.","","Objetivou-se avaliar a potencialidade de algumas plantas freqüentes em pomares cítricos de hospedar o vírus da leprose, transmitido por Brevipalpus phoenicis (Geijskes). Foram utilizadas as seguintes plantas: Hibiscus sp. L., Malvaviscus mollis DC., Grevillea robusta A. Cunn., Mimosa caesalpiniaefolia Benth., Bixa orellana L., Commelina benghalensis L., Bidens pilosa L., Sida cordifolia L. e Ageratum conyzoides L.. Duas criações-estoque do ácaro foram realizadas, sendo uma sobre frutos com sintomas de leprose e outra sobre frutos sem sintomas. De cada planta hospedeira do ácaro, escolheram-se duas folhas, delimitando-se na face inferior de cada planta uma área, que recebeu ácaros criados sobre frutos com lesões de leprose, que aí permaneceram durante sete dias. Os ácaros foram em seguida transferidos para mudas cítricas das variedades Natal e Valência e mantidos em casa de vegetação. As folhas das diferentes espécies vegetais sobre as quais os ácaros estavam anteriormente, foram destacadas e conservadas em placas de Petri, sobre algodão e papel-filtro umedecido. Ácaros criados sobre frutos sem lesões de leprose foram mantidos por três dias sobre essas folhas e, posteriormente, transferidos para novas mudas cítricas, que também foram subseqüentemente mantidas em uma casa de vegetação. Após 60 dias, quantificou-se o número de lesões de leprose nas mudas cítricas. Os resultados evidenciaram que o ácaro não perdeu a capacidade de transmissão do vírus para mudas cítricas após acesso alimentar por sete dias sobre qualquer uma das plantas intermediárias consideradas no estudo. Ácaros provenientes de frutos sem lesões de leprose adquiriram o vírus da leprose e o transmitiram a mudas cítricas quando tiveram acesso alimentar a C. benghalensis, A. conyzoides, B. pilosa, S. cordifolia e B. orellana, onde, anteriormente, ácaros criados sobre frutos com lesões de leprose permaneceram por sete dias. Estes resultados evidenciam a potencialidade de estas plantas serem depositárias e fonte de transmissão do vírus para plantas cítricas suscetíveis.",NA,NA,NA,"","",NA,NA,NA,NA,NA,NA,NA,NA,NA,"1806-9967",8,2006,28,"2","209",213,"10.1590/S0100-29452006000200012",NA,NA,NA,"gold",NA,NA,NA,"SCIELO:S0100-29452006000200012"
"J","Schuch, Márcia Wulff; Tomaz, Zeni Fonseca Pinto",NA,"Advances in the spread of vegetative blueberry","Avanços na propagação vegetativa de mirtileiro","",NA,"Revista Brasileira de Fruticultura",NA,NA,NA,NA,NA,NA,"Abstract The lack of an efficient method of propagation in some cultivars makes it difficult to expand the blueberry culture. In Brazil, we still do not produce seedlings with needed quality and quantity to improve the sector. The cloning of the selected material through mini propagation and micro propagation is an alternative to increase the multiplication and rooting capacity of the blueberries. Allied to this, the use of cultivation system without soil for the development of cloned material facilitates the seedlings production. In addition, we can keep matrices in small spaces with the use of mini-gardens and clonal micro-gardens controlling climatic and nutritional factors. In the Laboratory of Fruit Plants Propagation, of the Phytotechnology Department of the School of Agronomy Eliseu Maciel of the Federal University of Pelotas we have searching for more than ten years the micro propagation and the mini propagation allied to the clonal gardens kept in a protected place, reducing the physical space and improving phytosanitary control. The experiments carried out brought important information regarding to the vegetative propagation of the blueberry to improve the seedling production process for this species. In this way, researches that have been realized seek to generate knowledge about the best way of propagating and conducting this fruit.","","Resumo A falta de método eficiente de propagação em algumas cultivares dificulta a expansão da cultura do mirtileiro. No Brasil ainda não se produz muda com qualidade e quantidades necessárias para alavancar o setor. A clonagem do material selecionado através de minipropagação e micropropagação é uma alternativa para aumentar a capacidade de multiplicação e enraizamento do mirtileiro. Aliado a isto, o uso dos sistemas de cultivo sem solo, para o desenvolvimento do material clonado, facilita a produção de mudas. Além disso, podemos manter matrizeiros em pequenos espaços com a utilização de minijardins e microjardins clonais, controlando fatores climáticos e nutricionais. No Laboratório de Propagação de Plantas Frutíferas, do Departamento de Fitotecnia da Faculdade de Agronomia Eliseu Maciel da Universidade Federal de Pelotas tem-se buscado pesquisar, há mais de dez anos, a micropropagação e a minipropagação aliado aos jardins clonais mantidos em local protegido, reduzindo o espaço físico e melhorando, principalmente, o controle fitossanitário. Os experimentos realizados trouxeram importantes informações em relação a propagação vegetativa do mirtileiro para a melhoria do processo de produção de mudas para esta espécie. Dessa forma, as pesquisas que estão sendo realizadas buscam gerar conhecimento sobre a melhor forma de propagação e condução dessa frutífera.",NA,NA,NA,"","",NA,NA,NA,NA,NA,NA,NA,NA,NA,"1806-9967",NA,2019,41,"1","e-041",NA,"10.1590/0100-29452019041",NA,NA,NA,"gold",NA,NA,NA,"SCIELO:S0100-29452019000104001"
"J","Costa Junior, Euvaldo de Sousa; Barbosa, Mayara Suzanne de Melo; Silva, Cândida Maria Anjos da; Silva, Raíra Carine Santana da; Kiill, Lucia Helena Piedade; Beckmann-Cavalcante, Márkilla Zunete",NA,"Vegetative propagation of Rhaphiodon echinus Schauer (Lamiaceae): effects of the period of cutting in rooting, cuttings arrangement and IBA concentrations for seedlings production","Propagação vegetativa de Rhaphiodon echinus Schauer (Lamiaceae): efeitos do período de estaquia no enraizamento, disposição de estacas e concentrações de AIB para produção de mudas","",NA,"Ornamental Horticulture",NA,NA,NA,NA,NA,NA,"ABSTRACT One of the tendencies in the floriculture sector, whether in modern landscaping or floral art, is related to the insertion of innovations in the sector, mainly of native origin. For this it is necessary to establish strategies that favor the introduction of these materials. Among the species that present ornamental potential, Rhaphiodon echinus Schauer has been outstanding for groundcover; however it is necessary to establish the proper propagation protocol for the species. In this sense, the objective was to evaluate the vegetative propagation process of this species considering the period of cutting in rooting, cuttings arrangement and IBA concentrations for seedlings production. The experiment was carried out in a sub-split plots scheme with the period of cutting in rooting in the plots (30 and 60 days), the cuttings arrangement (horizontal and vertical) in the subplots and the IBA concentrations (0; 1,000; 2,000 and 4,000 ppm) in sub-subplots. The following variables were evaluated: survival cuttings, percentage of rooted cuttings, number of sprouts per cuttings, average length of the largest root, root volume, shoot dry biomass and root dry biomass. There was a significant interaction between the period of cutting in rooting and the cuttings arrangement for survival cuttings and rooted cuttings; between the period of cutting in rooting and the concentration of IBA for shoot dry and between the cuttings arrangement and concentration and IBA for the percentage of rooted cuttings, number of sprouts per cuttings and root dry biomass. For average length of the largest root and root volume there was a significant effect for period of cutting in rooting and IBA concentrations individually. The period of cutting in rooting of 30 days is the most suitable for rooting the cuttings. In relation of the cuttings arrangement the most indicated is vertical. Finally, the concentration of 1,000 ppm of IBA can be indicated for the propagation of R. echinus by the cutting process.","","RESUMO Uma das tendências no setor da floricultura seja no paisagismo moderno ou na arte floral, está relacionada à inserção de novas espécies com potencial ornamental, principalmente de procedência nativa. Para isso, faz-se necessário estudar estratégias que favoreçam a introdução desses materiais. A espécie Rhaphiodon echinus Schauer é nativa e tem se destacado como forração, existindo a necessidade de estabelecer um protocolo de propagação adequado. Neste sentido, objetivou-se avaliar o processo de propagação vegetativa desta espécie considerando-se o período de estaquia no enraizamento, a disposição das estacas e concentrações de AIB para a produção de mudas. O experiemento foi instalado em esquema de parcelas sub subdivididas, avaliando-se o período de estaquia no enraizamento nas parcelas (30 e 60 dias), a disposição das estacas no substrato (horizontal ou vertical) nas subparcelas e as concentrações de AIB (0, 1.000, 2.000 e 4.000 ppm) nas sub subparcelas. Foi avaliado: sobrevivência de estacas, porcentagem de estacas enraizadas, número de brotos por estacas, comprimento médio da maior raiz, volume de raízes, biomassa seca da parte aérea e biomassa seca da raiz. Ocorreu interação significativa entre período de estaquia no enraizamento e disposição das estacas no substrato para as variáveis sobrevivência de estacas e estacas enraizadas; entre o período de estaquia no enraizamento e concentração de AIB para biomassa seca da parte aérea e, entre disposição de estacas e concentração e AIB para porcentagem de estacas enraizadas, número de brotos por estacas e biomassa seca da raiz. Para o comprimento médio da maior raiz e volume radicular ocorreram efeitos significativos para a interação período de indução das raízes e concentrações de AIB. O período de estaquia no enraizamento de 30 dias e a disposição vertical da estaca no substrato são os mais indicados no processo de propagação. Por fim, a concentração de 1.000 ppm de AIB pode ser indicada para a propagação de R. echinus pelo processo de estaquia.",NA,NA,NA,"de Sousa Costa, Euvaldo/O-2473-2016; Beckmann-Cavalcante, Márkilla Zunete/V-8231-2017; DE MELO BARBOSA, MAYARA SUZANNE/O-6081-2018","de Sousa Costa, Euvaldo/0000-0003-3359-4944; Beckmann-Cavalcante, Márkilla Zunete/0000-0002-2594-1769; DE MELO BARBOSA, MAYARA SUZANNE/0000-0001-7407-3382",NA,NA,NA,NA,NA,NA,NA,NA,NA,"2447-536X",9,2018,24,"3","238",247,"10.14295/oh.v24i3.1232",NA,NA,NA,"gold",NA,NA,NA,"SCIELO:S2447-536X2018000300238"
"J","Souza, Denys Matheus Santana Costa; Xavier, Aloisio; Otoni, Wagner Campos; Miranda, Natane Amaral; Maggioni, Joane Helena",NA,"LIGHT QUALITY IN THE IN VITRO INTRODUCTION OF Corymbia HYBRID CLONES","QUALIDADE DE LUZ NA INTRODUÇÃO IN VITRO DE CLONES HÍBRIDOS DE Corymbia","",NA,"Revista Árvore",NA,NA,NA,NA,NA,NA,"ABSTRACT Micropropagation via axillary bud proliferation is recommended for rejuvenation or reinvigoration of selected clones, as well as for improving clonal seedlings rooting. The success of a micropropagation protocol depends on the in vitro introduction, since following phases, multiplication, elongation, and rooting can only take place once the aseptic crop with vegetative vigor has been established. This study aims to assess the effect of light on the in vitro introduction of hybrid clones of Corymbia torelliana x C. citriodora e Corymbia citriodora x C. torelliana by the micropropagation technique through proliferation by axillary buds. The mini-stumps, suppliers of explants for in vitro introduction, were conducted in semi-hydroclonal mini-clonal hedge. Nodal segments from three Corymbia torelliana x C. citriodora (TC01, TC02 e TC03) clones and one Corymbia citriodora x C. torelliana (CT01) clone were collected, disinfested and inoculated in JADS culture medium, in order to compare the effects of light quality from a dark/fluorescent lamp, a fluorescent lamp, and white and red/blue LEDs. At 30 days after inoculation, the following characteristics were evaluated: average contamination percentage, oxidation, non-reactive explants, shoot length and average number of shoots per explant greater than 0.5 cm. Gathered data showed that the use of red/blue LED light source obtained the best results in all assessed characteristics in the in vitro introduction.","","RESUMO A micropropagação via proliferação de gemas axilares tem sido recomendado para rejuvenescimento/revigoramento de clones selecionados, e consequentemente melhoria no enraizamento de mudas clonais. O sucesso de um protocolo de micropropagação depende da fase de introdução in vitro, visto que as etapas seguintes de multiplicação, alongamento e posterior enraizamento, só podem ser executadas após o estabelecimento de culturas assépticas e com bom vigor vegetativo. Diante disso, o presente estudo teve como objetivo avaliar o efeito da qualidade de luz na introdução in vitro de clones híbridos de Corymbia torelliana x C. citriodora e Corymbia citriodora x C. torelliana pela técnica de micropropagação via proliferação por gemas axilares. As mini-stumps, fornecedoras dos explantes para introdução in vitro, foram conduzidas em minijardim clonal semi hidropônico. Segmentos nodais de três clones de Corymbia torelliana x C. citriodora (TC01, TC02 e TC03) e de um clone de Corymbia citriodora x C. torelliana (CT01) foram coletados, desinfestados e inoculados em meio de cultura JADS, à fim de comparar os efeitos da qualidade da luz de Escuro/lâmpada fluorescente, Lâmpada fluorescente, LEDs branco e LEDs vermelho/azul, e. Aos 30 dias após a inoculação, foram avaliadas as características: porcentagem média de contaminação, oxidação, explantes não reativos, comprimento de brotos e o número médio de brotações por explante maiores que 0,5 cm. Com base nos resultados obtidos, o uso da fonte de luz LEDs vermelho/azul obteve os melhores resultados, para todas as características avaliadas na introdução in vitro.",NA,NA,NA,"Santana Costa Souza, Denys Matheus/R-4701-2018; Otoni, Wagner C/D-6439-2013","Santana Costa Souza, Denys Matheus/0000-0003-4256-7163; Otoni, Wagner C/0000-0002-9614-9373; Miranda, Natane/0000-0001-8197-5421",NA,NA,NA,NA,NA,NA,NA,NA,NA,"1806-9088",NA,2018,42,"6","e420604",NA,"10.1590/1806-90882018000600004",NA,NA,NA,"gold",NA,NA,NA,"SCIELO:S0100-67622018000600203"
"J","Ciriello, Eduardo; Mori, Edson Seizo",NA,"ROOTING OF GUANANDI (Calophyllum brasilienseCAMBESS) CUTTINGS USING INDOLE-BUTYRIC ACID","ENRAIZAMENTO DE ESTACAS DE GUANANDI (Calophyllum brasiliense CAMBESS) UTILIZANDO O ÁCIDO INDOL-BUTÍRICO","",NA,"CERNE",NA,NA,NA,NA,NA,NA,"ABSTRACT Commercial reforestation of Brazilian native species to produce hardwood for sawmills has been recently intensified in the country. Among the potential species planted by the logging industry is guanandi (Calophyllum brasiliense Cambess) because it is widely distributed in the country, highly adapted to different soil and climate conditions, good bole form and high quality timber. The development of genetic improvement programs should prioritize gains in productivity and yields in the medium and long term. For such programs to be successful, the study of vegetative propagation techniques to abbreviate steps in forest improvement and allow its mass production is fundamental. To assess the viability of vegetative propagation of the species, two successive experiments were carried out during two years testing the best type of cutting, hormone concentration and management. Different cuttings types submitted to increasing doses of indole-butyric acid (IBA) were tested to evaluate survival, sprouting, rooting and callus formation. Results indicate that the species is viable for vegetative propagation with 85 to 90% rooting of cuttings from seedlings in the IBA concentrations of 3000 to 7000 mg.L-1. For the cuttings, sprouting from the base of adult trees 3000 mg.L-1 was the best concentration of IBA.","","RESUMO O reflorestamento comercial de espécies nativas brasileiras, visando à produção de madeira nobre para serraria, tem se intensificado nos últimos anos em diversas regiões do Brasil. Dentre as espécies nativas potenciais que veem sendo plantadas por empresas do setor florestal, o guanandi (Calophyllum brasiliense Cambess.) é destaque, uma espécie com ampla distribuição natural, alta adaptabilidade a diferentes condições de solo e clima, boa forma fuste e ótima qualidade madeira. O desenvolvimento de um bom programa de melhoramento genético requer prioridade para a obtenção de ganhos de produtividade e rendimento no médio e longo prazo. Nesta linha de pesquisa, o estudo das técnicas de propagação vegetativa, visando abreviar etapas no melhoramento florestal e viabilizar a produção maciça de material melhorado, tem importância fundamental no sucesso do programa de melhoramento. Com objetivo de avaliar a viabilidade da propagação vegetativa da espécie, foram realizados dois experimentos sucessivos, instalados e avaliados ao longo de dois anos, a fim de identificar os melhores tipos de estacas, doses de hormônio e manejo. Foram testados diferentes tipos de estacas, submetidas a doses crescentes de ácido indolbutírico (AIB), avaliados principalmente os dados de sobrevivência, emissão de brotos e formação de raiz. Os resultados indicaram que a espécie se mostrou viável a propagação vegetativa, obtendo índices de 85% a 90% de enraizamento de estacas provenientes de mudas, para as doses de ácido indolbutírico (AIB) nas concentrações entre 3.000 a 7.000 mg.L-1. Para as estacas de brotações da base de árvores adultas 3.000 mg.L-1 foi a melhor dose de AIB.",NA,NA,NA,"Mori, Edson S/I-1836-2012","",NA,NA,NA,NA,NA,NA,NA,NA,NA,"2317-6342",12,2015,21,"4","641",648,"10.1590/01047760201521041803",NA,NA,NA,"gold",NA,NA,NA,"SCIELO:S0104-77602015000400641"
"J","Moreira, Francisco José Carvalho; Santos, Carmem Dolores Gonzaga; Innecco, Renato; Silva, Gilson Soares da",NA,"Controle alternativo de nematoide das galhas (Meloidogyne incognita) raça 2, com óleos essenciais em solo","Alternative control of root-knot nematode (Meloidogyne incognita) race 2 with essential oils in soil","",NA,"Summa Phytopathologica",NA,NA,NA,NA,NA,NA,"The action of natural products on plant pathogens has been investigated with the aim of evaluating their effectiveness in the alternative control of diseases, especially in organic agriculture. The aim of the present study was to evaluate the effect of essential oils of rosemary pepper (Lippia sidoides) and citronella grass (Cymbopogon winterianus) on the control of M. Incognita race 2, in tomato (Solanum lycopersicum) and celosia (Celosia plicata). Thus, an assay was conducted in 6 x 2 factorial arrangement, with five replicates. It was carried out in a greenhouse of the Plant Health Sector of the Department of Phytotechny/CCA/UFC, in the period from April to June 2007. The seedlings used in this test were transplanted into plastic pots containing 2 kg of sterile soil, in which, at 24 hours after transplanting, 4,000 eggs/J2 of M. incognita, race 2, were inoculated, except for negative controls. For 50% of the number of pots, 100 ml of the solutions of each essential oil were soon applied to each pot at the concentration of 2.5 ml L-1. After 48 hours, the same amount was applied to the remaining pots. This volume corresponds to 60% of the field capacity of this substrate, which was previously calculated. The final evaluation was at 45 days after inoculation. The following variables were analyzed in relation to the nematode: number of galls (NG), number of eggs (NE), egg mass index (EMI), reproduction factor (RF), reproduction factor reduction (RFR). Regarding the development of plants, the measured parameters were: plant height, shoot fresh and dry weight, and fresh weight of the root system. The nematode reproduction revealed to be less efficient in tomato. The employed essential oils reduced the reproductive rate of the nematode by 83 and 29% in tomato and celosia, respectively. The times of application of essential oils differed as to the nematode reproduction for the number of galls and the reproduction factor.","","A ação de produtos naturais sobre fitopatógenos tem sido investigada visando-se avaliar sua eficácia no controle alternativo de doenças, principalmente na agricultura orgânica. O objetivo desse trabalho foi avaliar o efeito dos óleos essenciais de alecrim pimenta (Lippia sidoides) e capim citronela (Cymbopogonwinterianus) no controle de Meloidogyne incognita raça 2, em tomate (Solanumlycopersicum) e celósia (Celosia plicata). Para tanto, conduziu-se ensaio em esquema fatorial 6 x 2, com cinco repetições. O ensaio foi realizado em casa de vegetação do Setor de Fitossanidade do Departamento de Fitotecnia/CCA/UFC, no período de abril a junho de 2007. As mudas utilizadas neste ensaio foram transplantadas para vasos plástico contendo 2 kg de solo estéril, nos quais, 24 horas após o transplantio, foram inoculados com 4.000 ovos/J2 de M. incognita, raça 2, exceto as testemunhas negativas. Em 50% do número de vasos, aplicou-se, logo em seguida, 100 ml das soluções de cada óleo essencial em cada vaso na concentração de 2,5 ml L-1. Esperaram-se mais 48 horas para aplicação da mesma quantidade nos vasos restantes. Este volume corresponde a 60% da capacidade de campo desse substrato, que foi previamente calculada. A avaliação final do ensaio deu-se aos 45 dias após a inoculação. Analisou-se em relação ao nematoide: número de galhas (NG), número de ovos (NO), índice de massas de ovos (IMO), fator de reprodução (FR), redução no fator de reprodução (RFR). Quanto ao desenvolvimento das plantas mensurou-se: altura da planta, massa fresca e seca da parte aérea e massa fresca do sistema radicular. Verificou-se que a reprodução do nematoide, mostrou-se menos eficiente em tomate. Os óleos essenciais empregados reduziram a taxa reprodutiva do nematoide em 83 e 29%, em tomate e celósia, respectivamente. As épocas de aplicação dos óleos essenciais diferiram quanto à reprodução do nematoide, para número de galhas e fator de reprodução.",NA,NA,NA,"Carvalho Moreira, Francisco Jose/D-6186-2018","Carvalho Moreira, Francisco Jose/0000-0001-5317-5072",NA,NA,NA,NA,NA,NA,NA,NA,NA,"1980-5454",9,2015,41,"3","207",213,"10.1590/0100-5405/1967",NA,NA,NA,"gold",NA,NA,NA,"SCIELO:S0100-54052015000300207"
"J","Souza, Aline das Graças; Faquin, Valdemar; Chalfun, Nilton Nagib; Souza, Ademária Aparecida",NA,"Produção de mudas de tangerineira 'Ponkan' em sistema hidropônico","Production of Ponkan tangerine seedlings in a hydroponic system","",NA,"Revista Ciência Agronômica",NA,NA,NA,NA,NA,NA,"The production in hydroponics of grafted seedlings has been used successfully for various crops, due to its precocity and absence of pathogens, mainly from the soil and substrates. This research was therefore carried out with the aim of studying the feasibility of the production of Rangpur-lime rootstock in a hydroponic system, by determining the optimal diameter of the rootstock for grafting onto the tangerine cultivar Ponkan, and by evaluating the production of the grafted seedlings. The experiment was conducted in two stages in a greenhouse in the Hydroponics Sector of the Department of Soil Science at the Federal University of Lavras in Minas Gerais. In the first stage, the growth of Rangpur lime rootstock (Citrus limonia Osbeck) was investigated. In the second stage, the optimal diameter of the rootstock for grafting was evaluated together with the viability of the production of seedlings of the tangerine cultivar Ponkan (Citrus reticulata Blanco) when grafted onto rootstock of the Rangpur lime. Both steps were carried out in a hydroponic system, using a completely randomized experimental design. The treatments of each experiment were times of evaluation (in weeks) consisting of five replications of five seedlings, giving a total of 25 rootstocks per tube. The rootstock of Rangpur lime with a diameter of 7mm, was the most suitable for the propagation of seedlings of the tangerine cultivar Ponkan (Citrus reticulata Blanco), presenting the best vegetative growth of the graft, with a protrusion time of 91 DAE, surpassing the time for the formation of the citrus seedlings obtained from the other diameters (4, 5 and 6mm). The hydroponic system was shown to be a viable technique for propagating citrus seedlings.","","A produção de mudas enxertadas em hidroponia vem sendo utilizada com sucesso para várias culturas, devido à precocidade de sua obtenção e à isenção de patógenos, principalmente de solos e substratos. Assim, realizou-se essa pesquisa com o objetivo de estudar em sistema hidropônico, a viabilidade da produção de porta-enxertos de limoeiro 'Cravo' através da determinação do diâmetro ótimo dos porta-enxertos para execução de enxertia da cultivar tangerineira 'Ponkan' e avaliação da produção de mudas enxertadas. O experimento foi conduzido em casa de vegetação, no Setor de Hidroponia do Departamento Ciência do Solo na Universidade Federal de Lavras, Lavras, MG, em duas etapas. Na primeira etapa pesquisou-se, o crescimento dos porta-enxertos de limoeiro 'Cravo' (Citrus limonia Osbeck). Na segunda etapa, avaliou-se, o diâmetro ótimo dos porta-enxertos para execução da enxertia e a viabilidade da produção de mudas enxertadas da cultivar tangerineira 'Ponkan', (Citrus reticulata Blanco) em porta-enxertos de limoeiro 'Cravo'. Ambas as etapas foram conduzidas em sistema hidropônico utilizando o delineamento experimental inteiramente casualizado. Os tratamentos de cada experimento foram épocas de avaliação (semanas) composta por cinco repetições de cinco plântulas, totalizando 25 porta-enxertos por tubete. Os porta-enxertos de Limoeiro 'Cravo' com diâmetro de 7 mm, foi o mais apropriado à propagação de mudas da cultivar tangerineira 'Ponkan', (Citrus reticulata Blanco), apresentando o melhor crescimento vegetativo do enxerto, sobressaindo com tempo 91 DAE, superando o tempo para a formação das mudas cítricas obtidas com os demais diâmetros (4 mm; 5 mm e 6 mm). O sistema hidropônico mostrou ser uma técnica viável para a propagação de mudas cítricas.",NA,NA,NA,"Souza, Aline das Graças/AAC-3792-2020","Souza, Aline das Graças/0000-0001-8158-5933",NA,NA,NA,NA,NA,NA,NA,NA,NA,"1806-6690",12,2013,44,"4","902",909,"",NA,NA,NA,"gold",NA,NA,NA,"SCIELO:S1806-66902013000400029"
"J","Melo, Lucas Amaral de; Xavier, Aloisio; Takahashi, Elizabete Keiko; Rosado, Antônio Marcos; Paiva, Haroldo Nogueira de",NA,"Effectiveness of ascorbic acid and PVP in the rooting of clonal mini-cuttings of Eucalyptus urophylla x Eucalyptus grandis","Eficiência do ácido ascórbico e PVP no enraizamento de miniestacas de clones de Eucalyptus urophylla x Eucalyptus grandis","",NA,"CERNE",NA,NA,NA,NA,NA,NA,"The objective of this study is to evaluate the effectiveness of the antioxidants ascorbic acid and polyvinylpyrrolidone (PVP) in the rooting of mini-cuttings for three clones of Eucalyptus urophylla x Eucalyptus grandis. Mini-cuttings were gathered from a mini-clonal hedge which had been cultivated in concrete ducts containing washed sand. Five concentrations of each antioxidant were experimentally tested on each of the three clones (C1, C2 and C3). Assessments were done of mini-cutting survival and rooting rates when leaving the greenhouse and the shade house, as well as seedling survival and growth at age 50 days. Ascorbic acid was found to be beneficial to the mini-cuttings of the clone with a lower rooting percentage (C3), whereas PVP was found to be unbeneficial to the clones being studied.","","Objetivou-se, com este estudo, avaliar a eficiência dos antioxidantes ácido ascórbico e polivinilpirrolidona (PVP) no enraizamento de miniestacas de três clones de Eucalyptus urophylla x Eucalyptus grandis. As miniestacas foram coletadas em minijardim clonal, conduzido em canaletas de alvenaria preenchidas com areia lavada. Experimentalmente, foram testadas cinco concentrações de cada antioxidante nos três clones estudados (C1, C2 e C3). Foram realizadas avaliações de sobrevivência e enraizamento de miniestacas na saída das casas de vegetação e de sombra e da sobrevivência e crescimento das mudas aos 50 dias de idade. A utilização do ácido ascórbico foi favorável para as miniestacas do clone com menor porcentual de enraizamento (C3), porém, a utilização do PVP mostrou-se desfavorável para os clones estudados.",NA,NA,NA,"Paiva, Haroldo N/P-7904-2018","Paiva, Haroldo N/0000-0002-8891-5373",NA,NA,NA,NA,NA,NA,NA,NA,NA,"2317-6342",12,2011,17,"4","499",507,"",NA,NA,NA,"gold",NA,NA,NA,"SCIELO:S0104-77602011000400008"
"J","Santos, Caio Marcio Guimarães; Cerqueira, Reginaldo Conceição; Fernandes, Luíza Maria de Souza; Rodrigues, João Domingos; Ono, Elizabeth Orika",NA,"Efeito de substratos e boro no enraizamento de estacas de pitaya","Substrates and boron on the rooting of red pitaya cuttings","",NA,"Revista Ceres",NA,NA,NA,NA,NA,NA,"Pitaya, a climbing fruit species belonging to the cactus family, has been largely commercialized in the Brazilian exotic fruit market. This study aimed to evaluate the effect of different substrates on the rooting of cladodes with the base immersed or not in boric acid solution. There was also evaluated the formation and initial development of roots, resulting in more vigorous, high-quality seedlings with higher survival rates. The experiment was carried out in a lath house of the Department of Plant Production, Horticulture Sector, College of Agronomical Sciences, Botucatu Campus, São Paulo State University (UNESP). The experiment was arranged in a complete randomized design, in a 4x2 (substrates x boron) factorial arrangement, with four replicates. Sixty days after the experiment establishment, shoot fresh and dry matter, root fresh and dry matter, and the highest root length were evaluated. The initial root growth and development of cuttings were affected by the substrates and boron. Sand+manure provided higher phytomass accumulation in the shoot and root system of red pitaya. Among the substrates, the treatment sand + cattle manure was the most suitable to produce more vigorous and high-quality seedlings.","","A pitaya é uma espécie vegetal trepadeira e frutífera, pertencente à família das cactáceas e que vem se destacando no mercado de frutas exóticas no Brasil. Objetivou-se avaliar diferentes substratos no enraizamento de cladódios com a base imersa e não-imersa em solução com ácido bórico, na formação e no desenvolvimento inicial de raízes, visando à obtenção de mudas mais vigorosas, de melhor qualidade e com maiores chances de sobrevivência. O experimento foi conduzido sob ripado no Departamento de Produção Vegetal, setor de Horticultura da Faculdade de Ciências Agronômicas no campus de Botucatu, UNESP, São Paulo. O delineamento experimental foi o inteiramente casualizado em esquema fatorial 4 x 2 (substratos x boro), com quatro repetições. Após 60 dias da instalação do experimento foram avaliados: massa de matérias fresca e seca da parte aérea, massa de matérias fresca e seca das raízes e comprimento da maior raiz. O crescimento e desenvolvimento radicular inicial de estacas são influenciados pelo tipo de substrato e pelo uso do micronutriente boro. A mistura areia + esterco proporciona maior acúmulo de fitomassa na parte aérea e no sistema radicular de pitaya vermelha. Dentre os substratos trabalhados, o mais indicado para a produção de mudas mais vigorosas e de boa qualidade é o preparado à base de mistura de areia + esterco bovino curtido.",NA,NA,NA,"","",NA,NA,NA,NA,NA,NA,NA,NA,NA,"2177-3491",12,2010,57,"6","795",802,"",NA,NA,NA,"gold",NA,NA,NA,"SCIELO:S0034-737X2010000600015"
"J","Phelps, Ronald P.",NA,"Recent advances in fish hatchery management","Avanços recentes em larvicultura","",NA,"Revista Brasileira de Zootecnia",NA,NA,NA,NA,NA,NA,"The advancement of aquaculture has often been bottlenecked because of the lack of seed, but once that bottleneck was overcome there was rapid growth. Recent examples of advances in hatchery technology leading to increased production are sea bream and Pangasius. Three areas contributing to the advancement of hatchery management are: brood stock management, induced spawning and larval feeding. Formulated diets have been developed for marine brood fish that are equal or better than the traditional raw fish diets. The importance of lipids and their composition in brood fish diets, particularly n-3 HUFAs has received much attention. The lipid composition of the brood diet is reflected in egg composition and egg quality. Protein quantity and quality in brood diets also impacts reproductive success and egg quality. The use of Gonadotropin-releasing hormone agonists (GnRHa) given as an injection or a slow release implant for induced spawning is becoming more widely used. The addition of dopamine antagonists with GnRHa may not be necessary to successfully induce spawn some species of fish. The use of GnRHa can advance the maturation of oocytes allowing such fish to be successfully induced spawned. Significant advances have been made in the development of formulated microdiets for larval fish. Such microdiets have been used successfully with young larvae reducing the need for live foods such as artemia. The quality of both live foods and formulated diets has been enriched with the use of fatty acids. Not only the quantity of n-3 HUFAs added to a diet impacts larval growth and survival but the ratios of specific n-3 HUFAs has an impact. Enrichment of live foods with amino acids can also improve larval fish growth and survival.","","A escassez de alevinos tem sido um dos principais pontos de estrangulamento para o avanço da aquicultura. No entanto, quando a produção de alevinos em quantidade e qualidade deixa de ser limitante, o setor produtivo normalmente apresenta rápido crescimento. Exemplos recentes de avanços em tecnologia de reprodução que resultaram no aumento da produção aquícola são os do pangasius (Pangasius sp.) e dourada (Sparus aurata). Dietas têm sido desenvolvidas para reprodutores de espécies marinhas com qualidade semelhante ou mesmo superior às tradicionais dietas à base de peixe. A composição lipídica, particularmente ômega-3 e ácidos graxos altamente insaturados HUFAs, das dietas de reprodutores se reflete na composição e qualidade dos ovos. A qualidade da proteína e sua concentração na dieta também influenciam no sucesso reprodutivo e na qualidade dos ovos. A utilização de hôrmonios liberadores de gonadotrofinas (GnRHa) administrados por injeção ou como implantes de liberação lenta para a indução de desova tem sido amplamente utilizada. Nestas espécies o GnRHa estimula o avanço da maturação dos ovócitos fazendo com que a desova induzida ocorra com sucesso. Tem-se observado significantes avanços no desenvolvimento de microdietas elaboradas para larvas de peixes. Essas microdietas têm sido utilizadas com sucesso reduzindo a demanda das larvas por alimentos vivos como a artemia, e a qualidade de ambos alimentos tem sido melhorada com o uso de ácidos graxos. Não somente a quantidade de omega-3 HUFAs adicionada a uma dieta influência o crescimento de larvas, mas também a proporção dos ácidos graxos específicos. O enriquecimento de alimentos vivos com aminoácidos pode também melhorar o crescimento e a sobrevivência de larvas de peixes.",NA,NA,NA,"","",NA,NA,NA,NA,NA,NA,NA,NA,NA,"1806-9290",7,2010,39,"suppl spe","95",101,"",NA,NA,NA,"gold",NA,NA,NA,"SCIELO:S1516-35982010001300011"
"J","Gabardo, Cleusa Valério; Hagemeyer, Regina Cely C.",NA,"Formação docente continuada na relação universidade e escola: construção de referências para uma análise a partir da experiência do PDE/PR","Continuing teacher training in the relationship between university and school: analysis references construction from the Program for Educational Development experience - Parana/Brazil","",NA,"Educar em Revista",NA,NA,NA,NA,NA,NA,"The present article examines the demands of continuing education in the relationship between university and school in the current context. From the studies and researches proposed by the Project The quality of teacher education in the current context: school, university and educational policy, developed by the authors, it is proposed to situate the role of the university as a body of knowledge and educators and teachers training for the current school. The asessment of the continued education policies of the PDE/PR - (Program for Educational Development Network Continuous Formation. Parana, Brazil) is prioritized, proposed by Ministry of Education of Parana to the UFPR (Universidade Federal do Paraná) and the Education Sector, which has been in force since 2007. From this perspective, it is presented the analysis of the research conducted with groups of professional participants of the project, from semi-structured interviews, in three instances: - the educators, state schools teachers, and teachers guiding the PDE/PR at UFPR. From emancipatory assessment and according to the theories of authors who deal with the continuing education today, the research analyzes the PDE/PR process, in its objectives and activities. Considering the relationship between university and school, and taking into account statements and actions of the participant professionals, the aim is to get referrals to assess the role of the university in the initial and continued teacher training.","","O presente artigo analisa as demandas da formação continuada na relação universidade e escola, considerando as necessidades presentes no contexto atual. A partir dos estudos e pesquisas propostos no Projeto A qualidade da formação de professores no contexto atual: escola, universidade e políticas educacionais, desenvolvido pelas autoras, propõe-se situar o papel da universidade como instância de conhecimento e formação de profissionais - pedagogos e professores - para a escola atual. Prioriza-se a avaliação da política de formação continuada do Programa de Desenvolvimento Educacional Formação Continuada em Rede - PDE/PR - Estado do Paraná, Brasil, proposta ao Setor de Educação, pela Secretaria de Estado da Educação do Paraná - SEED, e que vigora desde 2007 na Universidade Federal do Paraná - UFPR. Nessa perspectiva, são apresentadas análises da pesquisa realizada com grupos de profissionais participantes do referido projeto, a partir de entrevistas semiestruturadas, em três instâncias: - de pedagogos, de professores da rede estadual de ensino em momento de intervenção na escola e de professores orientadores do PDE/PR na UFPR. A pesquisa, fundamentada em pressupostos da avaliação emancipatória e em reflexões de autores que teorizam sobre a formação docente na atualidade, analisa o processo do PDE/PR, em seus objetivos e atividades. Nos depoimentos, opiniões e atuação dos profissionais participantes busca-se obter referências para a formação inicial e continuada, considerando a relação universidade e escola.",NA,NA,NA,"","",NA,NA,NA,NA,NA,NA,NA,NA,NA,"1984-0411",5,2010,NA,"37","93",112,"",NA,NA,NA,"gold",NA,NA,NA,"SCIELO:S0104-40602010000200007"
"J","Ceratti, Marina; Paiva, Patrícia Duarte de Oliveira; Sousa, Magno de; Tavares, Thaísa Silva",NA,"Comercialização de flores e plantas ornamentais no segmento varejista no município de Lavras/MG","Flowes and ornamentals plantas commercialization in retailer segment at Lavras/MG","",NA,"Ciência e Agrotecnologia",NA,NA,NA,NA,NA,NA,"Ornamentals plants and flowers Brazilian market has been presenting increase perspectives and consequent increment for the main segments of productive system: production, distribution and commercialization. This optimist prevision has been attracting new undertakes occasioning an increase of competition and the search necessity for new products and services. To understand the ornamental plants and flower new tendency and to analyze the retail segment structure at Lavras County, State of Minas Gerais, Brazil, that was the main purpose of this work, were got information at the flower and ornamental plants establishments at the first semester of 2003. For this porpose, was made an exploratory research with questions about the enterprise operational structure and social questions about the florists, like knowledge level in the area and their concern about to be up to date. In the county there aren't cash and carrier flower's shops, only commercial floriculturist, among them 64% work with landscape design projects, 73% offer gardening works, and 45% have self-production, being characterized generally by protected planting in small areas and only organic and simplified cultivation of garden's seedlings for self-provisions. Therefore, at the majority all florists depend on regular plants supply accomplished directly by large wholesaler, store to store. In general, it was observed that the retailers are limited in the price dispute showing their concern with the market competition high levels, and fewer interested in the productions and services diversification. Moreover, there are few sellers that offer innovation of products and services with aggregated value, searching for highest margins. This can be the result from the time of the floricultures at the market, once that 64% of the enterprises have more than 6 years, while the others 36% have fewer than 3 years. One of the main problems informed by the local florists is the competition of the door-to-door plant's salesmen. Due to the competitiveness of the segment, there isn't florist interaction excluding a productive integration possibility that can afford a better sector organization among others advantages.","","O mercado brasileiro de flores e plantas ornamentais apresenta-se com perspectivas de crescimento e conseqüente incremento para os principais segmentos da cadeia produtiva: produção, distribuição e comercialização. Esta previsão, bastante otimista, vem atraindo para o setor novos empreendedores, com conseqüente aumento da concorrência e a constante necessidade da busca por novos produtos e serviços. Com o objetivo de compreender a nova tendência da cadeia de flores e plantas ornamentais e de avaliar a estrutura do segmento varejista no município de Lavras (MG), realizou-se um levantamento de informações junto aos estabelecimentos que comercializam flores e plantas ornamentais, no primeiro semestre de 2003. Para tanto, utilizou-se de uma pesquisa de caráter exploratório, com perguntas voltadas à estrutura operacional da empresa, além de questões sociais sobre o florista, podendo-se citar o nível de conhecimento na área e preocupação com atualização. No município não há estabelecimentos com auto-serviço de flores e plantas ornamentais, apenas floriculturas comerciais, que totalizam 11 estabelecimentos, dentre os quais, 64% realizam projetos paisagísticos, 73% oferecem trabalhos de jardinagem, e 45% possuem produção própria, sendo que esta se caracteriza, de modo geral, por plantios protegidos em pequenas áreas, voltados para o próprio abastecimento, apenas com cultivos orgânicos, simplificados, de mudas para jardim. Assim, todos dependem do fornecimento regular de plantas, em sua maioria realizado diretamente por grandes atacadistas, ponto a ponto. De maneira geral, observou-se que os varejistas limitam-se à participação na disputa de preços, mostrando-se preocupados com os altos níveis de competitividade em que o mercado encontra-se e menos interessados na diversificação dos produtos e serviços e estratégias de marketing. Por outro lado, há poucos comerciantes voltados para a oferta de produtos com valores agregados e inovadores, buscando maiores margens. Pode-se inferir que isto se deve ao tempo de atuação no mercado, uma vez que 64% das empresas possuem mais de 6 anos, enquanto as outras 36% atuam há menos de 3 anos. Um dos principais problemas informados pelos comerciantes locais é a concorrência com vendedores ambulantes de plantas. Devido, em parte, à competitividade no segmento, não se observa interação entre os floristas, excluindo-se assim, a possibilidade de uma integração produtiva, a qual, entre outras vantagens, poderia proporcionar melhor estruturação do setor.",NA,NA,NA,"de Oliveira Paiva, Patricia Duarte/AAO-7857-2020; DO Paiva, Patricia/G-3572-2017","de Oliveira Paiva, Patricia Duarte/0000-0001-7997-8420; DO Paiva, Patricia/0000-0001-7997-8420",NA,NA,NA,NA,NA,NA,NA,NA,NA,"1981-1829",8,2007,31,"4","1212",1218,"10.1590/S1413-70542007000400040",NA,NA,NA,"gold",NA,NA,NA,"SCIELO:S1413-70542007000400040"
"J","Milan, Marcos; Barros, José Wandmark Duarte; Gava, José Luiz",NA,"Planning soil tillage using quality function deployment (QFD)","Planejamento do preparo do solo por meio do desdobramento da função qualidade (QFD)","",NA,"Scientia Agricola",NA,NA,NA,NA,NA,NA,"The Brazilian forest sector represents about 4% of gross domestic product (GDP) which is correspondent to US$ 21.0 billion. The natural forest area is approximately 4.8 million hectares and for the near future there will be a need to increase the planted area. To avoid or minimize the impact of mechanized practices on forest soils, the reduced tillage has been developed. The aim of this work is to define the technical priorities of the reduced tillage for eucalyptus seedlings, using quality function deployment (QDF). The design requirements classified as the most important to attend seedling demands were the furrow width and depth, and clod sizes. QFD has the potential to be applied to agro-forestry systems to translate plant demands into technical requirements.","","O setor florestal brasileiro representa aproximadamente 4% do produto interno bruto, valor estimado em US$ 21 bilhões. As florestas denominadas artificiais, ocupam ao redor de 4,8 milhões de hectares sendo previsto uma necessidade de ampliação para atender a demanda futura, além do replantio das áreas cohidas. Uma das preocupações com essas áreas é evitar a compactação do solo devido as operações mecanizadas e uma das técnicas é o preparo reduzido. O objetivo deste trabalho é definir as prioridades do preparo do solo de acordo com as necessidades da muda de eucaliptus; para tanto utilizou-se da função desdobramento da qualidade (QFD) para identificá-las. Os requisitos técnicos largura e profundidade do sulco e tamanho dos torrões foram os mais importantes para atender as demandas das mudas. O QFD é uma técnica que tem potencial de aplicação, tanto na área florestal como agrícola, para identificar e traduzir as demandas das culturas em requisitos técnicos.",NA,NA,NA,"Milan, Marcos/P-9174-2015","Milan, Marcos/0000-0002-6774-3322",NA,NA,NA,NA,NA,NA,NA,NA,NA,"1678-992X",NA,2003,60,"2","217",221,"",NA,NA,NA,"gold",NA,NA,NA,"SCIELO:S0103-90162003000200003"
